[Licensing::Module] Trying to connect to existing licensing client channel...
[Licensing::IpcConnector] Successfully connected to: "LicenseClient-TU" at "2026-09-08T03:15:04.967468Z"
[Licensing::Client] Code 1 while verifying Licensing Client signature (process Id: 29864, path: "C:/Program Files/Unity Hub/UnityLicensingClient_V1/Unity.Licensing.Client.exe")
[Licensing::Module] LicensingClient has failed validation; ignoring
[Licensing::Client] Error: HandshakeResponse reported an error:
	ResponseCode: 505
	ResponseStatus: Unsupported protocol version '1.16.2'.
[Licensing::Module] Error: Failed to handshake to channel: "LicenseClient-TU"
[Licensing::IpcConnector] LicenseClient-TU channel disconnected successfully.
[Licensing::IpcConnector] Channel LicenseClient-TU-2022.3.62 doesn't exist
[Licensing::Module] Successfully launched the LicensingClient (PId: 34648)
[Licensing::IpcConnector] Successfully connected to: "LicenseClient-TU-2022.3.62" at "2026-09-08T03:15:05.5648837Z"
[Licensing::Client] Code 10 while verifying Licensing Client signature (process Id: 34648, path: "C:/Program Files/Unity/Hub/Editor/2022.3.62f2c1/Editor/Data/Resources/Licensing/Client/Unity.Licensing.Client.exe")
[Licensing::Module] LicensingClient has failed validation; ignoring
[Licensing::Client] Handshaking with LicensingClient:
  Version:                 1.16.2+bdef8f5
  Session Id:              f812cf850cf94e10b188f74c346b20ea
  Correlation Id:          a30304c6b6c061992bf8dc93c6fc6a65
  External correlation Id: 3739434074470649896
  Machine Id:              azY4HWpR3RtveRA7UaiEFjOebPg=
[Licensing::Module] Successfully connected to LicensingClient on channel: "LicenseClient-TU-2022.3.62" (connect: 0.57s, validation: 0.05s, handshake: 0.03s)
[Licensing::IpcConnector] Successfully connected to: "LicenseClient-TU-2022.3.62-notifications" at "2026-09-08T03:15:05.6433752Z"
[Licensing::Module] Connected to LicensingClient (PId: 34648, launch time: 0.01, total connection time: 0.65s)
[Licensing::Module] Error: Access token is unavailable; failed to update
[Licensing::Client] Successfully updated license
Built from '2022.3/china_unity/release' branch; Version is '2022.3.62f2c1 (92e6e6be66dc) revision 9627366'; Using compiler version '192829333'; Build Type 'Release'
OS: 'Windows 11  (10.0.26200) 64bit Professional' Language: 'zh' Physical Memory: 32103 MB
[Licensing::Client] Successfully resolved entitlement details
[Licensing::Module] Serial number assigned to: "F4-BA93-484W-WE6V-GNBR-XXXX"
BatchMode: 1, IsHumanControllingUs: 0, StartBugReporterOnCrash: 0, Is64bit: 1, IsPro: 0
[Licensing::Client] Successfully resolved entitlement details

COMMAND LINE ARGUMENTS:
C:\Program Files\Unity\Hub\Editor\2022.3.62f2c1\Editor\Unity.exe
-batchmode
-quit
-projectPath
C:\Users\TU\Desktop\GooseMergeDemoProject
-executeMethod
GooseMergeDemoBuild.BuildWindows
-logFile
C:\Users\TU\Desktop\GooseMergeDemoProject\build3.log
Successfully changed project path to: C:\Users\TU\Desktop\GooseMergeDemoProject
C:/Users/TU/Desktop/GooseMergeDemoProject
[UnityMemory] Configuration Parameters - Can be set up in boot.config
    "memorysetup-bucket-allocator-granularity=16"
    "memorysetup-bucket-allocator-bucket-count=8"
    "memorysetup-bucket-allocator-block-size=33554432"
    "memorysetup-bucket-allocator-block-count=8"
    "memorysetup-main-allocator-block-size=16777216"
    "memorysetup-thread-allocator-block-size=16777216"
    "memorysetup-gfx-main-allocator-block-size=16777216"
    "memorysetup-gfx-thread-allocator-block-size=16777216"
    "memorysetup-cache-allocator-block-size=4194304"
    "memorysetup-typetree-allocator-block-size=2097152"
    "memorysetup-profiler-bucket-allocator-granularity=16"
    "memorysetup-profiler-bucket-allocator-bucket-count=8"
    "memorysetup-profiler-bucket-allocator-block-size=33554432"
    "memorysetup-profiler-bucket-allocator-block-count=8"
    "memorysetup-profiler-allocator-block-size=16777216"
    "memorysetup-profiler-editor-allocator-block-size=1048576"
    "memorysetup-temp-allocator-size-main=16777216"
    "memorysetup-job-temp-allocator-block-size=2097152"
    "memorysetup-job-temp-allocator-block-size-background=1048576"
    "memorysetup-job-temp-allocator-reduction-small-platforms=262144"
    "memorysetup-allocator-temp-initial-block-size-main=262144"
    "memorysetup-allocator-temp-initial-block-size-worker=262144"
    "memorysetup-temp-allocator-size-background-worker=32768"
    "memorysetup-temp-allocator-size-job-worker=262144"
    "memorysetup-temp-allocator-size-preload-manager=33554432"
    "memorysetup-temp-allocator-size-nav-mesh-worker=65536"
    "memorysetup-temp-allocator-size-audio-worker=65536"
    "memorysetup-temp-allocator-size-cloud-worker=32768"
    "memorysetup-temp-allocator-size-gi-baking-worker=262144"
    "memorysetup-temp-allocator-size-gfx=262144"
Player connection [39380]  Target information:

Player connection [39380]  * "[IP] 172.16.84.9 [Port] 55504 [Flags] 2 [Guid] 3630148582 [EditorId] 3630148582 [Version] 1048832 [Id] WindowsEditor(7,WINDOWS-KJQRKH1) [Debug] 1 [PackageName] WindowsEditor [ProjectName] Editor" 

Player connection [39380] Host joined multi-casting on [225.0.0.222:54997]...
Player connection [39380] Host joined alternative multi-casting on [225.0.0.222:34997]...
Input System module state changed to: Initialized.
[PhysX] Initialized MultithreadedTaskDispatcher with 14 workers.
[Package Manager] UpmClient::Connect -- Connected to IPC stream "Upm-35168" after 0.3 seconds.
[Package Manager] Restoring resolved packages state from cache
[Licensing::Client] Successfully resolved entitlement details
[Package Manager] Registered 50 packages:
  Packages from [https://packages.unity.cn]:
    com.unity.cinemachine@2.9.7 (location: C:\Users\TU\Desktop\GooseMergeDemoProject\Library\PackageCache\com.unity.cinemachine@2.9.7)
    com.unity.ide.rider@3.0.28 (location: C:\Users\TU\Desktop\GooseMergeDemoProject\Library\PackageCache\com.unity.ide.rider@3.0.28)
    com.unity.ide.visualstudio@2.0.22 (location: C:\Users\TU\Desktop\GooseMergeDemoProject\Library\PackageCache\com.unity.ide.visualstudio@2.0.22)
    com.unity.ide.vscode@1.2.5 (location: C:\Users\TU\Desktop\GooseMergeDemoProject\Library\PackageCache\com.unity.ide.vscode@1.2.5)
    com.unity.memoryprofiler@1.1.12 (location: C:\Users\TU\Desktop\GooseMergeDemoProject\Library\PackageCache\com.unity.memoryprofiler@1.1.12)
    com.unity.mobile.android-logcat@1.4.4 (location: C:\Users\TU\Desktop\GooseMergeDemoProject\Library\PackageCache\com.unity.mobile.android-logcat@1.4.4)
    com.unity.nuget.newtonsoft-json@3.2.2 (location: C:\Users\TU\Desktop\GooseMergeDemoProject\Library\PackageCache\com.unity.nuget.newtonsoft-json@3.2.2)
    com.unity.scriptablebuildpipeline@1.21.21 (location: C:\Users\TU\Desktop\GooseMergeDemoProject\Library\PackageCache\com.unity.scriptablebuildpipeline@1.21.21)
    com.unity.textmeshpro@3.0.9 (location: C:\Users\TU\Desktop\GooseMergeDemoProject\Library\PackageCache\com.unity.textmeshpro@3.0.9)
    com.unity.timeline@1.7.6 (location: C:\Users\TU\Desktop\GooseMergeDemoProject\Library\PackageCache\com.unity.timeline@1.7.6)
    com.unity.toolchain.win-x86_64-linux-x86_64@2.0.9 (location: C:\Users\TU\Desktop\GooseMergeDemoProject\Library\PackageCache\com.unity.toolchain.win-x86_64-linux-x86_64@2.0.9)
    com.unity.sysroot@2.0.10 (location: C:\Users\TU\Desktop\GooseMergeDemoProject\Library\PackageCache\com.unity.sysroot@2.0.10)
    com.unity.sysroot.linux-x86_64@2.0.9 (location: C:\Users\TU\Desktop\GooseMergeDemoProject\Library\PackageCache\com.unity.sysroot.linux-x86_64@2.0.9)
    com.unity.burst@1.8.21 (location: C:\Users\TU\Desktop\GooseMergeDemoProject\Library\PackageCache\com.unity.burst@1.8.21)
    com.unity.collections@1.2.4 (location: C:\Users\TU\Desktop\GooseMergeDemoProject\Library\PackageCache\com.unity.collections@1.2.4)
    com.unity.mathematics@1.2.6 (location: C:\Users\TU\Desktop\GooseMergeDemoProject\Library\PackageCache\com.unity.mathematics@1.2.6)
    com.unity.profiling.core@1.0.2 (location: C:\Users\TU\Desktop\GooseMergeDemoProject\Library\PackageCache\com.unity.profiling.core@1.0.2)
    com.unity.editorcoroutines@1.0.0 (location: C:\Users\TU\Desktop\GooseMergeDemoProject\Library\PackageCache\com.unity.editorcoroutines@1.0.0)
    com.unity.test-framework@1.1.33 (location: C:\Users\TU\Desktop\GooseMergeDemoProject\Library\PackageCache\com.unity.test-framework@1.1.33)
    com.unity.ext.nunit@1.0.6 (location: C:\Users\TU\Desktop\GooseMergeDemoProject\Library\PackageCache\com.unity.ext.nunit@1.0.6)
  Built-in packages:
    com.unity.2d.sprite@1.0.0 (location: C:\Users\TU\Desktop\GooseMergeDemoProject\Library\PackageCache\com.unity.2d.sprite@1.0.0)
    com.unity.ugui@1.0.0 (location: C:\Users\TU\Desktop\GooseMergeDemoProject\Library\PackageCache\com.unity.ugui@1.0.0)
    com.unity.modules.androidjni@1.0.0 (location: C:\Users\TU\Desktop\GooseMergeDemoProject\Library\PackageCache\com.unity.modules.androidjni@1.0.0)
    com.unity.modules.animation@1.0.0 (location: C:\Users\TU\Desktop\GooseMergeDemoProject\Library\PackageCache\com.unity.modules.animation@1.0.0)
    com.unity.modules.assetbundle@1.0.0 (location: C:\Users\TU\Desktop\GooseMergeDemoProject\Library\PackageCache\com.unity.modules.assetbundle@1.0.0)
    com.unity.modules.audio@1.0.0 (location: C:\Users\TU\Desktop\GooseMergeDemoProject\Library\PackageCache\com.unity.modules.audio@1.0.0)
    com.unity.modules.director@1.0.0 (location: C:\Users\TU\Desktop\GooseMergeDemoProject\Library\PackageCache\com.unity.modules.director@1.0.0)
    com.unity.modules.imgui@1.0.0 (location: C:\Users\TU\Desktop\GooseMergeDemoProject\Library\PackageCache\com.unity.modules.imgui@1.0.0)
    com.unity.modules.jsonserialize@1.0.0 (location: C:\Users\TU\Desktop\GooseMergeDemoProject\Library\PackageCache\com.unity.modules.jsonserialize@1.0.0)
    com.unity.modules.particlesystem@1.0.0 (location: C:\Users\TU\Desktop\GooseMergeDemoProject\Library\PackageCache\com.unity.modules.particlesystem@1.0.0)
    com.unity.modules.physics@1.0.0 (location: C:\Users\TU\Desktop\GooseMergeDemoProject\Library\PackageCache\com.unity.modules.physics@1.0.0)
    com.unity.modules.physics2d@1.0.0 (location: C:\Users\TU\Desktop\GooseMergeDemoProject\Library\PackageCache\com.unity.modules.physics2d@1.0.0)
    com.unity.modules.screencapture@1.0.0 (location: C:\Users\TU\Desktop\GooseMergeDemoProject\Library\PackageCache\com.unity.modules.screencapture@1.0.0)
    com.unity.modules.terrain@1.0.0 (location: C:\Users\TU\Desktop\GooseMergeDemoProject\Library\PackageCache\com.unity.modules.terrain@1.0.0)
    com.unity.modules.terrainphysics@1.0.0 (location: C:\Users\TU\Desktop\GooseMergeDemoProject\Library\PackageCache\com.unity.modules.terrainphysics@1.0.0)
    com.unity.modules.tilemap@1.0.0 (location: C:\Users\TU\Desktop\GooseMergeDemoProject\Library\PackageCache\com.unity.modules.tilemap@1.0.0)
    com.unity.modules.ui@1.0.0 (location: C:\Users\TU\Desktop\GooseMergeDemoProject\Library\PackageCache\com.unity.modules.ui@1.0.0)
    com.unity.modules.uielements@1.0.0 (location: C:\Users\TU\Desktop\GooseMergeDemoProject\Library\PackageCache\com.unity.modules.uielements@1.0.0)
    com.unity.modules.umbra@1.0.0 (location: C:\Users\TU\Desktop\GooseMergeDemoProject\Library\PackageCache\com.unity.modules.umbra@1.0.0)
    com.unity.modules.unitywebrequest@1.0.0 (location: C:\Users\TU\Desktop\GooseMergeDemoProject\Library\PackageCache\com.unity.modules.unitywebrequest@1.0.0)
    com.unity.modules.unitywebrequestassetbundle@1.0.0 (location: C:\Users\TU\Desktop\GooseMergeDemoProject\Library\PackageCache\com.unity.modules.unitywebrequestassetbundle@1.0.0)
    com.unity.modules.unitywebrequestaudio@1.0.0 (location: C:\Users\TU\Desktop\GooseMergeDemoProject\Library\PackageCache\com.unity.modules.unitywebrequestaudio@1.0.0)
    com.unity.modules.unitywebrequesttexture@1.0.0 (location: C:\Users\TU\Desktop\GooseMergeDemoProject\Library\PackageCache\com.unity.modules.unitywebrequesttexture@1.0.0)
    com.unity.modules.unitywebrequestwww@1.0.0 (location: C:\Users\TU\Desktop\GooseMergeDemoProject\Library\PackageCache\com.unity.modules.unitywebrequestwww@1.0.0)
    com.unity.modules.vehicles@1.0.0 (location: C:\Users\TU\Desktop\GooseMergeDemoProject\Library\PackageCache\com.unity.modules.vehicles@1.0.0)
    com.unity.modules.video@1.0.0 (location: C:\Users\TU\Desktop\GooseMergeDemoProject\Library\PackageCache\com.unity.modules.video@1.0.0)
    com.unity.modules.imageconversion@1.0.0 (location: C:\Users\TU\Desktop\GooseMergeDemoProject\Library\PackageCache\com.unity.modules.imageconversion@1.0.0)
  Git packages:
    com.adamgryu.inspectorhistory@https://github.com/adamgryu/InspectorHistory-Unity.git (location: C:\Users\TU\Desktop\GooseMergeDemoProject\Library\PackageCache\com.adamgryu.inspectorhistory@9bf6147820)
    com.code-philosophy.hybridclr@https://gitee.com/focus-creative-games/hybridclr_unity.git (location: C:\Users\TU\Desktop\GooseMergeDemoProject\Library\PackageCache\com.code-philosophy.hybridclr@7a0032934b)
    com.coplaydev.unity-mcp@https://github.com/CoplayDev/unity-mcp.git?path=/MCPForUnity#main (location: C:\Users\TU\Desktop\GooseMergeDemoProject\Library\PackageCache\com.coplaydev.unity-mcp@78ee541841)
[Subsystems] No new subsystems found in resolved package list.
Package Manager log level set to [2]
[Package Manager] Done registering packages in 0.08 seconds
Artifact Garbage Collection - Removed 1 unused hashed content files
0x00007ff7482effdd (Unity) StackWalker::GetCurrentCallstack
0x00007ff7482f50b9 (Unity) StackWalker::ShowCallstack
0x00007ff7492b3f71 (Unity) GetStacktrace
0x00007ff749966cfe (Unity) DebugStringToFile
0x00007ff7495df0bd (Unity) <lambda_ce852b3fd58154d2560747a912cd5214>::operator()
0x00007ff7495e7872 (Unity) GarbageCollectArtifacts
0x00007ff74961e591 (Unity) InitializeAssetDatabaseV2
0x00007ff74959bfb3 (Unity) AssetDatabase::InitializeAssetDatabase
0x00007ff748e42160 (Unity) Application::InitializeProject
0x00007ff7492bec25 (Unity) WinMain
0x00007ff74a6821fe (Unity) __scrt_common_main_seh
0x00007ffd8587ccb7 (KERNEL32) BaseThreadInitThunk
0x00007ffd8626ad6c (ntdll) RtlUserThreadStart

Refreshing native plugins compatible for Editor in 6.87 ms, found 0 plugins.
Preloading 0 native plugins for Editor in 0.00 ms.
Initialize engine version: 2022.3.62f2c1 (92e6e6be66dc)
[Subsystems] Discovering subsystems at path C:/Program Files/Unity/Hub/Editor/2022.3.62f2c1/Editor/Data/Resources/UnitySubsystems
[Subsystems] Discovering subsystems at path C:/Users/TU/Desktop/GooseMergeDemoProject/Assets
GfxDevice: creating device client; threaded=0; jobified=0
Direct3D:
    Version:  Direct3D 11.0 [level 11.1]
    Renderer: NVIDIA GeForce RTX 5060 (ID=0x2d05)
    Vendor:   NVIDIA
    VRAM:     7895 MB
    Driver:   32.0.16.1088
[Licensing::Client] Successfully resolved entitlement details
Initialize mono
Mono path[0] = 'C:/Program Files/Unity/Hub/Editor/2022.3.62f2c1/Editor/Data/Managed'
Mono path[1] = 'C:/Program Files/Unity/Hub/Editor/2022.3.62f2c1/Editor/Data/MonoBleedingEdge/lib/mono/unityjit-win32'
Mono config path = 'C:/Program Files/Unity/Hub/Editor/2022.3.62f2c1/Editor/Data/MonoBleedingEdge/etc'
Using monoOptions --debugger-agent=transport=dt_socket,embedding=1,server=y,suspend=n,address=127.0.0.1:56168
Using cacheserver namespaces - metadata:defaultmetadata, artifacts:defaultartifacts
Using cacheserver namespaces - metadata:defaultmetadata, artifacts:defaultartifacts
ImportWorker Server TCP listen port: 0
Begin MonoManager ReloadAssembly
Registering precompiled unity dll's ...
Register platform support module: C:/Program Files/Unity/Hub/Editor/2022.3.62f2c1/Editor/Data/PlaybackEngines/WindowsStandaloneSupport/UnityEditor.WindowsStandalone.Extensions.dll
Registered in 0.010565 seconds.
- Loaded All Assemblies, in  0.248 seconds
Native extension for WindowsStandalone target not found
Mono: successfully reloaded assembly
- Finished resetting the current domain, in  0.169 seconds
Domain Reload Profiling: 413ms
	BeginReloadAssembly (82ms)
		ExecutionOrderSort (0ms)
		DisableScriptedObjects (0ms)
		BackupInstance (0ms)
		ReleaseScriptingObjects (0ms)
		CreateAndSetChildDomain (1ms)
	RebuildCommonClasses (21ms)
	RebuildNativeTypeToScriptingClass (5ms)
	initialDomainReloadingComplete (49ms)
	LoadAllAssembliesAndSetupDomain (87ms)
		LoadAssemblies (78ms)
		RebuildTransferFunctionScriptingTraits (0ms)
		AnalyzeDomain (86ms)
			TypeCache.Refresh (84ms)
				TypeCache.ScanAssembly (75ms)
			ScanForSourceGeneratedMonoScriptInfo (0ms)
			ResolveRequiredComponents (0ms)
	FinalizeReload (169ms)
		ReleaseScriptCaches (0ms)
		RebuildScriptCaches (0ms)
		SetupLoadedEditorAssemblies (137ms)
			LogAssemblyErrors (0ms)
			InitializePlatformSupportModulesInManaged (9ms)
			SetLoadedEditorAssemblies (5ms)
			RefreshPlugins (0ms)
			BeforeProcessingInitializeOnLoad (1ms)
			ProcessInitializeOnLoadAttributes (89ms)
			ProcessInitializeOnLoadMethodAttributes (33ms)
			AfterProcessingInitializeOnLoad (0ms)
			EditorAssembliesLoaded (0ms)
		ExecutionOrderSort2 (0ms)
		AwakeInstancesAfterBackupRestoration (0ms)
[Licensing::Client] Successfully resolved entitlement details
Application.AssetDatabase Initial Refresh Start
Starting: C:\Program Files\Unity\Hub\Editor\2022.3.62f2c1\Editor\Data\bee_backend.exe --ipc --defer-dag-verification --dagfile="Library/Bee/1900b0aE.dag" --continue-on-failure --profile="Library/Bee/backend1.traceevents" ScriptAssemblies
WorkingDir: C:/Users/TU/Desktop/GooseMergeDemoProject
DisplayProgressbar: Compiling Scripts
ExitCode: 0 Duration: 0s236ms
[409/512    0s] ILPP-Configuration Library/ilpp-configuration.nevergeneratedoutput
*** Tundra build success (0.20 seconds), 1 items updated, 512 evaluated
AssetDatabase: script compilation time: 0.688242s
Begin MonoManager ReloadAssembly
- Loaded All Assemblies, in  0.417 seconds
Refreshing native plugins compatible for Editor in 3.25 ms, found 0 plugins.
Preloading 0 native plugins for Editor in 0.00 ms.
Start importing ProjectSettings/ProjectSettings.asset using Guid(00000000000000004000000000000000) Importer(-1,00000000000000000000000000000000) [PhysX] Initialized MultithreadedTaskDispatcher with 14 workers.
 -> (artifact id: '721832f871315217185787465c9f7e4c') in 0.012081 seconds
Refreshing native plugins compatible for Editor in 3.24 ms, found 0 plugins.
Native extension for WindowsStandalone target not found
Mono: successfully reloaded assembly
- Finished resetting the current domain, in  2.124 seconds
Domain Reload Profiling: 2536ms
	BeginReloadAssembly (107ms)
		ExecutionOrderSort (0ms)
		DisableScriptedObjects (3ms)
		BackupInstance (0ms)
		ReleaseScriptingObjects (0ms)
		CreateAndSetChildDomain (19ms)
	RebuildCommonClasses (22ms)
	RebuildNativeTypeToScriptingClass (5ms)
	initialDomainReloadingComplete (29ms)
	LoadAllAssembliesAndSetupDomain (248ms)
		LoadAssemblies (238ms)
		RebuildTransferFunctionScriptingTraits (0ms)
		AnalyzeDomain (71ms)
			TypeCache.Refresh (59ms)
				TypeCache.ScanAssembly (49ms)
			ScanForSourceGeneratedMonoScriptInfo (10ms)
			ResolveRequiredComponents (2ms)
	FinalizeReload (2125ms)
		ReleaseScriptCaches (0ms)
		RebuildScriptCaches (0ms)
		SetupLoadedEditorAssemblies (2051ms)
			LogAssemblyErrors (0ms)
			InitializePlatformSupportModulesInManaged (7ms)
			SetLoadedEditorAssemblies (3ms)
			RefreshPlugins (0ms)
			BeforeProcessingInitializeOnLoad (52ms)
			ProcessInitializeOnLoadAttributes (1946ms)
			ProcessInitializeOnLoadMethodAttributes (33ms)
			AfterProcessingInitializeOnLoad (10ms)
			EditorAssembliesLoaded (0ms)
		ExecutionOrderSort2 (0ms)
		AwakeInstancesAfterBackupRestoration (6ms)
Launched and connected shader compiler UnityShaderCompiler.exe after 0.04 seconds
Refreshing native plugins compatible for Editor in 3.17 ms, found 0 plugins.
Preloading 0 native plugins for Editor in 0.00 ms.
Asset Pipeline Refresh (id=6b4ac78494c16d644b32c3c3aeda6d59): Total: 4.099 seconds - Initiated by InitialRefreshV2(ForceSynchronousImport)
	Summary:
		Imports: total=1 (actual=1, local cache=0, cache server=0)
		Asset DB Process Time: managed=1 ms, native=635 ms
		Asset DB Callback time: managed=53 ms, native=86 ms
		Scripting: domain reloads=1, domain reload time=2598 ms, compile time=690 ms, other=33 ms
		Project Asset Count: scripts=3076, non-scripts=591
		Asset File Changes: new=0, changed=1, moved=0, deleted=0
		Scan Filter Count: 0
	InvokeBeforeRefreshCallbacks: 0.761ms
	ApplyChangesToAssetFolders: 0.086ms
	Scan: 55.137ms
	OnSourceAssetsModified: 1.835ms
	GetAllGuidsForCategorization: 0.583ms
	CategorizeAssets: 39.731ms
	ImportOutOfDateAssets: 2163.764ms (1446.199ms without children)
		ImportManagerImport: 15.864ms (3.548ms without children)
			ImportInProcess: 12.300ms
			UpdateCategorizedAssets: 0.016ms
		CompileScripts: 689.560ms
		ReloadNativeAssets: 0.001ms
		UnloadImportedAssets: 9.609ms
		ReloadImportedAssets: 0.000ms
		EnsureUptoDateAssetsAreRegisteredWithGuidPM: 1.259ms
		InitializingProgressBar: 0.001ms
		PostProcessAllAssetNotificationsAddChangedAssets: 0.001ms
		OnDemandSchedulerStart: 1.270ms
	PostProcessAllAssets: 151.239ms
	Hotreload: 3.519ms
	GatherAllCurrentPrimaryArtifactRevisions: 0.218ms
	UnloadStreamsBegin: 0.225ms
	PersistCurrentRevisions: 0.288ms
	UnloadStreamsEnd: 0.048ms
	GenerateScriptTypeHashes: 0.293ms
	Untracked: 1681.863ms
Application.AssetDatabase Initial Refresh End
Scanning for USB devices : 6.677ms
Initializing Unity extensions:
[Licensing::Client] Successfully resolved entitlement details
[MODES] ModeService[none].Initialize
[MODES] ModeService[none].LoadModes
[MODES] Loading mode Default (0) for mode-current-id-TheWar
[PhysX] Initialized MultithreadedTaskDispatcher with 14 workers.
ProgressiveSceneManager::Cancel()
Unloading 5 Unused Serialized files (Serialized files now loaded: 0)
Unloading 67 unused Assets / (0.5 MB). Loaded Objects now: 2990.
Memory consumption went from 107.1 MB to 106.5 MB.
Total: 3.416500 ms (FindLiveObjects: 0.153400 ms CreateObjectMapping: 0.057600 ms MarkObjects: 2.960000 ms  DeleteObjects: 0.244600 ms)

[BashUtil] RemoveDir dir:HybridCLRData/AssembliesPostIl2CppStrip/StandaloneWindows64
0x00007ff7482effdd (Unity) StackWalker::GetCurrentCallstack
0x00007ff7482f50b9 (Unity) StackWalker::ShowCallstack
0x00007ff7492b3f71 (Unity) GetStacktrace
0x00007ff749966cfe (Unity) DebugStringToFile
0x00007ff74731772a (Unity) DebugLogHandler_CUSTOM_Internal_Log
0x0000018d8ee36ef3 (Mono JIT Code) (wrapper managed-to-native) UnityEngine.DebugLogHandler:Internal_Log (UnityEngine.LogType,UnityEngine.LogOption,string,UnityEngine.Object)
0x0000018d8ee36e0b (Mono JIT Code) UnityEngine.DebugLogHandler:LogFormat (UnityEngine.LogType,UnityEngine.Object,string,object[])
0x0000018d8ee36b50 (Mono JIT Code) UnityEngine.Logger:Log (UnityEngine.LogType,object)
0x0000018d8ee36a18 (Mono JIT Code) UnityEngine.Debug:Log (object)
0x0000018d8ee36673 (Mono JIT Code) HybridCLR.Editor.Installer.BashUtil:RemoveDir (string,bool) (at ./Library/PackageCache/com.code-philosophy.hybridclr@7a0032934b/Editor/Installer/BashUtil.cs:68)
0x0000018d8ee365a3 (Mono JIT Code) HybridCLR.Editor.Installer.BashUtil:RecreateDir (string) (at ./Library/PackageCache/com.code-philosophy.hybridclr@7a0032934b/Editor/Installer/BashUtil.cs:103)
0x0000018d8ee35b0b (Mono JIT Code) HybridCLR.Editor.BuildProcessors.CopyStrippedAOTAssemblies:OnPreprocessBuild (UnityEditor.Build.Reporting.BuildReport) (at ./Library/PackageCache/com.code-philosophy.hybridclr@7a0032934b/Editor/BuildProcessors/CopyStrippedAOTAssemblies.cs:132)
0x0000018d8ee31ffd (Mono JIT Code) UnityEditor.Build.BuildPipelineInterfaces/<>c__DisplayClass16_0:<OnBuildPreProcess>b__1 (UnityEditor.Build.IPreprocessBuildWithReport)
0x0000018d8ee31c5e (Mono JIT Code) UnityEditor.Build.BuildPipelineInterfaces:InvokeCallbackInterfacesPair<T1_REF, T2_REF> (System.Collections.Generic.List`1<T1_REF>,System.Action`1<T1_REF>,System.Collections.Generic.List`1<T2_REF>,System.Action`1<T2_REF>,bool)
0x0000018d8ee312b3 (Mono JIT Code) UnityEditor.Build.BuildPipelineInterfaces:OnBuildPreProcess (UnityEditor.Build.Reporting.BuildReport)
0x0000018ce54c94d8 (Mono JIT Code) (wrapper runtime-invoke) <Module>:runtime_invoke_void_object (object,intptr,intptr,intptr)
0x00007ffc84454b7e (mono-2.0-bdwgc) mono_jit_runtime_invoke (at C:/build/output/Unity-Technologies/mono/mono/mini/mini-runtime.c:3445)
0x00007ffc8438d204 (mono-2.0-bdwgc) do_runtime_invoke (at C:/build/output/Unity-Technologies/mono/mono/metadata/object.c:3068)
0x00007ffc8438d37c (mono-2.0-bdwgc) mono_runtime_invoke (at C:/build/output/Unity-Technologies/mono/mono/metadata/object.c:3115)
0x00007ff748208584 (Unity) scripting_method_invoke
0x00007ff7481e4eb4 (Unity) ScriptingInvocation::Invoke
0x00007ff7481dff05 (Unity) ScriptingInvocation::Invoke<void>
0x00007ff748330b23 (Unity) Scripting::UnityEditor::Build::BuildPipelineInterfacesProxy::OnBuildPreProcess
0x00007ff749cceb8c (Unity) BuildPlayer
0x00007ff747a76e43 (Unity) BuildPipeline::BuildPlayerInternalNoCheck
0x00007ff74790750c (Unity) BuildPipeline_CUSTOM_BuildPlayerInternalNoCheck
0x0000018d4ed3cd97 (Mono JIT Code) (wrapper managed-to-native) UnityEditor.BuildPipeline:BuildPlayerInternalNoCheck (string[],string,string,UnityEditor.BuildTargetGroup,UnityEditor.BuildTarget,int,UnityEditor.BuildOptions,string[],bool)
0x0000018d4ed3bbf3 (Mono JIT Code) UnityEditor.BuildPipeline:BuildPlayerInternal (string[],string,string,UnityEditor.BuildTargetGroup,UnityEditor.BuildTarget,int,UnityEditor.BuildOptions,string[])
0x0000018d4ed3b23b (Mono JIT Code) UnityEditor.BuildPipeline:BuildPlayer (string[],string,string,UnityEditor.BuildTargetGroup,UnityEditor.BuildTarget,int,UnityEditor.BuildOptions,string[])
0x0000018d4ed3aeab (Mono JIT Code) UnityEditor.BuildPipeline:BuildPlayer (UnityEditor.BuildPlayerOptions)
0x0000018d4ed3a143 (Mono JIT Code) GooseMergeDemoBuild:BuildWindows () (at C:/Users/TU/Desktop/GooseMergeDemoProject/Assets/Editor/GooseMergeDemoBuild.cs:27)
0x0000018d4ed3a325 (Mono JIT Code) (wrapper runtime-invoke) object:runtime_invoke_void (object,intptr,intptr,intptr)
0x00007ffc84454b7e (mono-2.0-bdwgc) mono_jit_runtime_invoke (at C:/build/output/Unity-Technologies/mono/mono/mini/mini-runtime.c:3445)
0x00007ffc8438d204 (mono-2.0-bdwgc) do_runtime_invoke (at C:/build/output/Unity-Technologies/mono/mono/metadata/object.c:3068)
0x00007ffc8438d37c (mono-2.0-bdwgc) mono_runtime_invoke (at C:/build/output/Unity-Technologies/mono/mono/metadata/object.c:3115)
0x00007ff748208584 (Unity) scripting_method_invoke
0x00007ff7481e4eb4 (Unity) ScriptingInvocation::Invoke
0x00007ff748e485d3 (Unity) Application::ParseARGVCommands
0x00007ff748e3de23 (Unity) Application::FinishLoadingProject
0x00007ff7492bec59 (Unity) WinMain
0x00007ff74a6821fe (Unity) __scrt_common_main_seh
0x00007ffd8587ccb7 (KERNEL32) BaseThreadInitThunk
0x00007ffd8626ad6c (ntdll) RtlUserThreadStart

[CheckSettings] UNITY_IL2CPP_PATH old value:''， new value:'C:\Users\TU\Desktop\GooseMergeDemoProject/HybridCLRData/LocalIl2CppData-WindowsEditor/il2cpp'
0x00007ff7482effdd (Unity) StackWalker::GetCurrentCallstack
0x00007ff7482f50b9 (Unity) StackWalker::ShowCallstack
0x00007ff7492b3f71 (Unity) GetStacktrace
0x00007ff749966cfe (Unity) DebugStringToFile
0x00007ff74731772a (Unity) DebugLogHandler_CUSTOM_Internal_Log
0x0000018d8ee36ef3 (Mono JIT Code) (wrapper managed-to-native) UnityEngine.DebugLogHandler:Internal_Log (UnityEngine.LogType,UnityEngine.LogOption,string,UnityEngine.Object)
0x0000018d8ee36e0b (Mono JIT Code) UnityEngine.DebugLogHandler:LogFormat (UnityEngine.LogType,UnityEngine.Object,string,object[])
0x0000018d8ee36b50 (Mono JIT Code) UnityEngine.Logger:Log (UnityEngine.LogType,object)
0x0000018d8ee36a18 (Mono JIT Code) UnityEngine.Debug:Log (object)
0x0000018d8ee3a48b (Mono JIT Code) HybridCLR.Editor.BuildProcessors.CheckSettings:OnPreprocessBuild (UnityEditor.Build.Reporting.BuildReport) (at ./Library/PackageCache/com.code-philosophy.hybridclr@7a0032934b/Editor/BuildProcessors/CheckSettings.cs:44)
0x0000018d8ee31ffd (Mono JIT Code) UnityEditor.Build.BuildPipelineInterfaces/<>c__DisplayClass16_0:<OnBuildPreProcess>b__1 (UnityEditor.Build.IPreprocessBuildWithReport)
0x0000018d8ee31c5e (Mono JIT Code) UnityEditor.Build.BuildPipelineInterfaces:InvokeCallbackInterfacesPair<T1_REF, T2_REF> (System.Collections.Generic.List`1<T1_REF>,System.Action`1<T1_REF>,System.Collections.Generic.List`1<T2_REF>,System.Action`1<T2_REF>,bool)
0x0000018d8ee312b3 (Mono JIT Code) UnityEditor.Build.BuildPipelineInterfaces:OnBuildPreProcess (UnityEditor.Build.Reporting.BuildReport)
0x0000018ce54c94d8 (Mono JIT Code) (wrapper runtime-invoke) <Module>:runtime_invoke_void_object (object,intptr,intptr,intptr)
0x00007ffc84454b7e (mono-2.0-bdwgc) mono_jit_runtime_invoke (at C:/build/output/Unity-Technologies/mono/mono/mini/mini-runtime.c:3445)
0x00007ffc8438d204 (mono-2.0-bdwgc) do_runtime_invoke (at C:/build/output/Unity-Technologies/mono/mono/metadata/object.c:3068)
0x00007ffc8438d37c (mono-2.0-bdwgc) mono_runtime_invoke (at C:/build/output/Unity-Technologies/mono/mono/metadata/object.c:3115)
0x00007ff748208584 (Unity) scripting_method_invoke
0x00007ff7481e4eb4 (Unity) ScriptingInvocation::Invoke
0x00007ff7481dff05 (Unity) ScriptingInvocation::Invoke<void>
0x00007ff748330b23 (Unity) Scripting::UnityEditor::Build::BuildPipelineInterfacesProxy::OnBuildPreProcess
0x00007ff749cceb8c (Unity) BuildPlayer
0x00007ff747a76e43 (Unity) BuildPipeline::BuildPlayerInternalNoCheck
0x00007ff74790750c (Unity) BuildPipeline_CUSTOM_BuildPlayerInternalNoCheck
0x0000018d4ed3cd97 (Mono JIT Code) (wrapper managed-to-native) UnityEditor.BuildPipeline:BuildPlayerInternalNoCheck (string[],string,string,UnityEditor.BuildTargetGroup,UnityEditor.BuildTarget,int,UnityEditor.BuildOptions,string[],bool)
0x0000018d4ed3bbf3 (Mono JIT Code) UnityEditor.BuildPipeline:BuildPlayerInternal (string[],string,string,UnityEditor.BuildTargetGroup,UnityEditor.BuildTarget,int,UnityEditor.BuildOptions,string[])
0x0000018d4ed3b23b (Mono JIT Code) UnityEditor.BuildPipeline:BuildPlayer (string[],string,string,UnityEditor.BuildTargetGroup,UnityEditor.BuildTarget,int,UnityEditor.BuildOptions,string[])
0x0000018d4ed3aeab (Mono JIT Code) UnityEditor.BuildPipeline:BuildPlayer (UnityEditor.BuildPlayerOptions)
0x0000018d4ed3a143 (Mono JIT Code) GooseMergeDemoBuild:BuildWindows () (at C:/Users/TU/Desktop/GooseMergeDemoProject/Assets/Editor/GooseMergeDemoBuild.cs:27)
0x0000018d4ed3a325 (Mono JIT Code) (wrapper runtime-invoke) object:runtime_invoke_void (object,intptr,intptr,intptr)
0x00007ffc84454b7e (mono-2.0-bdwgc) mono_jit_runtime_invoke (at C:/build/output/Unity-Technologies/mono/mono/mini/mini-runtime.c:3445)
0x00007ffc8438d204 (mono-2.0-bdwgc) do_runtime_invoke (at C:/build/output/Unity-Technologies/mono/mono/metadata/object.c:3068)
0x00007ffc8438d37c (mono-2.0-bdwgc) mono_runtime_invoke (at C:/build/output/Unity-Technologies/mono/mono/metadata/object.c:3115)
0x00007ff748208584 (Unity) scripting_method_invoke
0x00007ff7481e4eb4 (Unity) ScriptingInvocation::Invoke
0x00007ff748e485d3 (Unity) Application::ParseARGVCommands
0x00007ff748e3de23 (Unity) Application::FinishLoadingProject
0x00007ff7492bec59 (Unity) WinMain
0x00007ff74a6821fe (Unity) __scrt_common_main_seh
0x00007ffd8587ccb7 (KERNEL32) BaseThreadInitThunk
0x00007ffd8626ad6c (ntdll) RtlUserThreadStart

[CheckSettings] current ScriptingBackend:Mono2x，have been switched to:IL2CPP automatically
0x00007ff7482effdd (Unity) StackWalker::GetCurrentCallstack
0x00007ff7482f50b9 (Unity) StackWalker::ShowCallstack
0x00007ff7492b3f71 (Unity) GetStacktrace
0x00007ff749966cfe (Unity) DebugStringToFile
0x00007ff74731772a (Unity) DebugLogHandler_CUSTOM_Internal_Log
0x0000018d8ee36ef3 (Mono JIT Code) (wrapper managed-to-native) UnityEngine.DebugLogHandler:Internal_Log (UnityEngine.LogType,UnityEngine.LogOption,string,UnityEngine.Object)
0x0000018d8ee36e0b (Mono JIT Code) UnityEngine.DebugLogHandler:LogFormat (UnityEngine.LogType,UnityEngine.Object,string,object[])
0x0000018d8ee36b50 (Mono JIT Code) UnityEngine.Logger:Log (UnityEngine.LogType,object)
0x0000018d8ee3b9f5 (Mono JIT Code) UnityEngine.Debug:LogError (object)
0x0000018d8ee3a56b (Mono JIT Code) HybridCLR.Editor.BuildProcessors.CheckSettings:OnPreprocessBuild (UnityEditor.Build.Reporting.BuildReport) (at ./Library/PackageCache/com.code-philosophy.hybridclr@7a0032934b/Editor/BuildProcessors/CheckSettings.cs:54)
0x0000018d8ee31ffd (Mono JIT Code) UnityEditor.Build.BuildPipelineInterfaces/<>c__DisplayClass16_0:<OnBuildPreProcess>b__1 (UnityEditor.Build.IPreprocessBuildWithReport)
0x0000018d8ee31c5e (Mono JIT Code) UnityEditor.Build.BuildPipelineInterfaces:InvokeCallbackInterfacesPair<T1_REF, T2_REF> (System.Collections.Generic.List`1<T1_REF>,System.Action`1<T1_REF>,System.Collections.Generic.List`1<T2_REF>,System.Action`1<T2_REF>,bool)
0x0000018d8ee312b3 (Mono JIT Code) UnityEditor.Build.BuildPipelineInterfaces:OnBuildPreProcess (UnityEditor.Build.Reporting.BuildReport)
0x0000018ce54c94d8 (Mono JIT Code) (wrapper runtime-invoke) <Module>:runtime_invoke_void_object (object,intptr,intptr,intptr)
0x00007ffc84454b7e (mono-2.0-bdwgc) mono_jit_runtime_invoke (at C:/build/output/Unity-Technologies/mono/mono/mini/mini-runtime.c:3445)
0x00007ffc8438d204 (mono-2.0-bdwgc) do_runtime_invoke (at C:/build/output/Unity-Technologies/mono/mono/metadata/object.c:3068)
0x00007ffc8438d37c (mono-2.0-bdwgc) mono_runtime_invoke (at C:/build/output/Unity-Technologies/mono/mono/metadata/object.c:3115)
0x00007ff748208584 (Unity) scripting_method_invoke
0x00007ff7481e4eb4 (Unity) ScriptingInvocation::Invoke
0x00007ff7481dff05 (Unity) ScriptingInvocation::Invoke<void>
0x00007ff748330b23 (Unity) Scripting::UnityEditor::Build::BuildPipelineInterfacesProxy::OnBuildPreProcess
0x00007ff749cceb8c (Unity) BuildPlayer
0x00007ff747a76e43 (Unity) BuildPipeline::BuildPlayerInternalNoCheck
0x00007ff74790750c (Unity) BuildPipeline_CUSTOM_BuildPlayerInternalNoCheck
0x0000018d4ed3cd97 (Mono JIT Code) (wrapper managed-to-native) UnityEditor.BuildPipeline:BuildPlayerInternalNoCheck (string[],string,string,UnityEditor.BuildTargetGroup,UnityEditor.BuildTarget,int,UnityEditor.BuildOptions,string[],bool)
0x0000018d4ed3bbf3 (Mono JIT Code) UnityEditor.BuildPipeline:BuildPlayerInternal (string[],string,string,UnityEditor.BuildTargetGroup,UnityEditor.BuildTarget,int,UnityEditor.BuildOptions,string[])
0x0000018d4ed3b23b (Mono JIT Code) UnityEditor.BuildPipeline:BuildPlayer (string[],string,string,UnityEditor.BuildTargetGroup,UnityEditor.BuildTarget,int,UnityEditor.BuildOptions,string[])
0x0000018d4ed3aeab (Mono JIT Code) UnityEditor.BuildPipeline:BuildPlayer (UnityEditor.BuildPlayerOptions)
0x0000018d4ed3a143 (Mono JIT Code) GooseMergeDemoBuild:BuildWindows () (at C:/Users/TU/Desktop/GooseMergeDemoProject/Assets/Editor/GooseMergeDemoBuild.cs:27)
0x0000018d4ed3a325 (Mono JIT Code) (wrapper runtime-invoke) object:runtime_invoke_void (object,intptr,intptr,intptr)
0x00007ffc84454b7e (mono-2.0-bdwgc) mono_jit_runtime_invoke (at C:/build/output/Unity-Technologies/mono/mono/mini/mini-runtime.c:3445)
0x00007ffc8438d204 (mono-2.0-bdwgc) do_runtime_invoke (at C:/build/output/Unity-Technologies/mono/mono/metadata/object.c:3068)
0x00007ffc8438d37c (mono-2.0-bdwgc) mono_runtime_invoke (at C:/build/output/Unity-Technologies/mono/mono/metadata/object.c:3115)
0x00007ff748208584 (Unity) scripting_method_invoke
0x00007ff7481e4eb4 (Unity) ScriptingInvocation::Invoke
0x00007ff748e485d3 (Unity) Application::ParseARGVCommands
0x00007ff748e3de23 (Unity) Application::FinishLoadingProject
0x00007ff7492bec59 (Unity) WinMain
0x00007ff74a6821fe (Unity) __scrt_common_main_seh
0x00007ffd8587ccb7 (KERNEL32) BaseThreadInitThunk
0x00007ffd8626ad6c (ntdll) RtlUserThreadStart

[CheckSettings] No hot update modules configured in HybridCLRSettings
0x00007ff7482effdd (Unity) StackWalker::GetCurrentCallstack
0x00007ff7482f50b9 (Unity) StackWalker::ShowCallstack
0x00007ff7492b3f71 (Unity) GetStacktrace
0x00007ff749966cfe (Unity) DebugStringToFile
0x00007ff74731772a (Unity) DebugLogHandler_CUSTOM_Internal_Log
0x0000018d8ee36ef3 (Mono JIT Code) (wrapper managed-to-native) UnityEngine.DebugLogHandler:Internal_Log (UnityEngine.LogType,UnityEngine.LogOption,string,UnityEngine.Object)
0x0000018d8ee36e0b (Mono JIT Code) UnityEngine.DebugLogHandler:LogFormat (UnityEngine.LogType,UnityEngine.Object,string,object[])
0x0000018d8ee36b50 (Mono JIT Code) UnityEngine.Logger:Log (UnityEngine.LogType,object)
0x0000018d8ee3d7a8 (Mono JIT Code) UnityEngine.Debug:LogWarning (object)
0x0000018d8ee3a79b (Mono JIT Code) HybridCLR.Editor.BuildProcessors.CheckSettings:OnPreprocessBuild (UnityEditor.Build.Reporting.BuildReport) (at ./Library/PackageCache/com.code-philosophy.hybridclr@7a0032934b/Editor/BuildProcessors/CheckSettings.cs:74)
0x0000018d8ee31ffd (Mono JIT Code) UnityEditor.Build.BuildPipelineInterfaces/<>c__DisplayClass16_0:<OnBuildPreProcess>b__1 (UnityEditor.Build.IPreprocessBuildWithReport)
0x0000018d8ee31c5e (Mono JIT Code) UnityEditor.Build.BuildPipelineInterfaces:InvokeCallbackInterfacesPair<T1_REF, T2_REF> (System.Collections.Generic.List`1<T1_REF>,System.Action`1<T1_REF>,System.Collections.Generic.List`1<T2_REF>,System.Action`1<T2_REF>,bool)
0x0000018d8ee312b3 (Mono JIT Code) UnityEditor.Build.BuildPipelineInterfaces:OnBuildPreProcess (UnityEditor.Build.Reporting.BuildReport)
0x0000018ce54c94d8 (Mono JIT Code) (wrapper runtime-invoke) <Module>:runtime_invoke_void_object (object,intptr,intptr,intptr)
0x00007ffc84454b7e (mono-2.0-bdwgc) mono_jit_runtime_invoke (at C:/build/output/Unity-Technologies/mono/mono/mini/mini-runtime.c:3445)
0x00007ffc8438d204 (mono-2.0-bdwgc) do_runtime_invoke (at C:/build/output/Unity-Technologies/mono/mono/metadata/object.c:3068)
0x00007ffc8438d37c (mono-2.0-bdwgc) mono_runtime_invoke (at C:/build/output/Unity-Technologies/mono/mono/metadata/object.c:3115)
0x00007ff748208584 (Unity) scripting_method_invoke
0x00007ff7481e4eb4 (Unity) ScriptingInvocation::Invoke
0x00007ff7481dff05 (Unity) ScriptingInvocation::Invoke<void>
0x00007ff748330b23 (Unity) Scripting::UnityEditor::Build::BuildPipelineInterfacesProxy::OnBuildPreProcess
0x00007ff749cceb8c (Unity) BuildPlayer
0x00007ff747a76e43 (Unity) BuildPipeline::BuildPlayerInternalNoCheck
0x00007ff74790750c (Unity) BuildPipeline_CUSTOM_BuildPlayerInternalNoCheck
0x0000018d4ed3cd97 (Mono JIT Code) (wrapper managed-to-native) UnityEditor.BuildPipeline:BuildPlayerInternalNoCheck (string[],string,string,UnityEditor.BuildTargetGroup,UnityEditor.BuildTarget,int,UnityEditor.BuildOptions,string[],bool)
0x0000018d4ed3bbf3 (Mono JIT Code) UnityEditor.BuildPipeline:BuildPlayerInternal (string[],string,string,UnityEditor.BuildTargetGroup,UnityEditor.BuildTarget,int,UnityEditor.BuildOptions,string[])
0x0000018d4ed3b23b (Mono JIT Code) UnityEditor.BuildPipeline:BuildPlayer (string[],string,string,UnityEditor.BuildTargetGroup,UnityEditor.BuildTarget,int,UnityEditor.BuildOptions,string[])
0x0000018d4ed3aeab (Mono JIT Code) UnityEditor.BuildPipeline:BuildPlayer (UnityEditor.BuildPlayerOptions)
0x0000018d4ed3a143 (Mono JIT Code) GooseMergeDemoBuild:BuildWindows () (at C:/Users/TU/Desktop/GooseMergeDemoProject/Assets/Editor/GooseMergeDemoBuild.cs:27)
0x0000018d4ed3a325 (Mono JIT Code) (wrapper runtime-invoke) object:runtime_invoke_void (object,intptr,intptr,intptr)
0x00007ffc84454b7e (mono-2.0-bdwgc) mono_jit_runtime_invoke (at C:/build/output/Unity-Technologies/mono/mono/mini/mini-runtime.c:3445)
0x00007ffc8438d204 (mono-2.0-bdwgc) do_runtime_invoke (at C:/build/output/Unity-Technologies/mono/mono/metadata/object.c:3068)
0x00007ffc8438d37c (mono-2.0-bdwgc) mono_runtime_invoke (at C:/build/output/Unity-Technologies/mono/mono/metadata/object.c:3115)
0x00007ff748208584 (Unity) scripting_method_invoke
0x00007ff7481e4eb4 (Unity) ScriptingInvocation::Invoke
0x00007ff748e485d3 (Unity) Application::ParseARGVCommands
0x00007ff748e3de23 (Unity) Application::FinishLoadingProject
0x00007ff7492bec59 (Unity) WinMain
0x00007ff74a6821fe (Unity) __scrt_common_main_seh
0x00007ffd8587ccb7 (KERNEL32) BaseThreadInitThunk
0x00007ffd8626ad6c (ntdll) RtlUserThreadStart

[CheckSettings] MethodBridge.cpp DEVELOPMENT flag not found. Please run 'HybridCLR/Generate/All' before building.
0x00007ff7482effdd (Unity) StackWalker::GetCurrentCallstack
0x00007ff7482f50b9 (Unity) StackWalker::ShowCallstack
0x00007ff7492b3f71 (Unity) GetStacktrace
0x00007ff749966cfe (Unity) DebugStringToFile
0x00007ff74731772a (Unity) DebugLogHandler_CUSTOM_Internal_Log
0x0000018d8ee36ef3 (Mono JIT Code) (wrapper managed-to-native) UnityEngine.DebugLogHandler:Internal_Log (UnityEngine.LogType,UnityEngine.LogOption,string,UnityEngine.Object)
0x0000018d8ee36e0b (Mono JIT Code) UnityEngine.DebugLogHandler:LogFormat (UnityEngine.LogType,UnityEngine.Object,string,object[])
0x0000018d8ee36b50 (Mono JIT Code) UnityEngine.Logger:Log (UnityEngine.LogType,object)
0x0000018d8ee3b9f5 (Mono JIT Code) UnityEngine.Debug:LogError (object)
0x0000018d8ee3a963 (Mono JIT Code) HybridCLR.Editor.BuildProcessors.CheckSettings:OnPreprocessBuild (UnityEditor.Build.Reporting.BuildReport) (at ./Library/PackageCache/com.code-philosophy.hybridclr@7a0032934b/Editor/BuildProcessors/CheckSettings.cs:92)
0x0000018d8ee31ffd (Mono JIT Code) UnityEditor.Build.BuildPipelineInterfaces/<>c__DisplayClass16_0:<OnBuildPreProcess>b__1 (UnityEditor.Build.IPreprocessBuildWithReport)
0x0000018d8ee31c5e (Mono JIT Code) UnityEditor.Build.BuildPipelineInterfaces:InvokeCallbackInterfacesPair<T1_REF, T2_REF> (System.Collections.Generic.List`1<T1_REF>,System.Action`1<T1_REF>,System.Collections.Generic.List`1<T2_REF>,System.Action`1<T2_REF>,bool)
0x0000018d8ee312b3 (Mono JIT Code) UnityEditor.Build.BuildPipelineInterfaces:OnBuildPreProcess (UnityEditor.Build.Reporting.BuildReport)
0x0000018ce54c94d8 (Mono JIT Code) (wrapper runtime-invoke) <Module>:runtime_invoke_void_object (object,intptr,intptr,intptr)
0x00007ffc84454b7e (mono-2.0-bdwgc) mono_jit_runtime_invoke (at C:/build/output/Unity-Technologies/mono/mono/mini/mini-runtime.c:3445)
0x00007ffc8438d204 (mono-2.0-bdwgc) do_runtime_invoke (at C:/build/output/Unity-Technologies/mono/mono/metadata/object.c:3068)
0x00007ffc8438d37c (mono-2.0-bdwgc) mono_runtime_invoke (at C:/build/output/Unity-Technologies/mono/mono/metadata/object.c:3115)
0x00007ff748208584 (Unity) scripting_method_invoke
0x00007ff7481e4eb4 (Unity) ScriptingInvocation::Invoke
0x00007ff7481dff05 (Unity) ScriptingInvocation::Invoke<void>
0x00007ff748330b23 (Unity) Scripting::UnityEditor::Build::BuildPipelineInterfacesProxy::OnBuildPreProcess
0x00007ff749cceb8c (Unity) BuildPlayer
0x00007ff747a76e43 (Unity) BuildPipeline::BuildPlayerInternalNoCheck
0x00007ff74790750c (Unity) BuildPipeline_CUSTOM_BuildPlayerInternalNoCheck
0x0000018d4ed3cd97 (Mono JIT Code) (wrapper managed-to-native) UnityEditor.BuildPipeline:BuildPlayerInternalNoCheck (string[],string,string,UnityEditor.BuildTargetGroup,UnityEditor.BuildTarget,int,UnityEditor.BuildOptions,string[],bool)
0x0000018d4ed3bbf3 (Mono JIT Code) UnityEditor.BuildPipeline:BuildPlayerInternal (string[],string,string,UnityEditor.BuildTargetGroup,UnityEditor.BuildTarget,int,UnityEditor.BuildOptions,string[])
0x0000018d4ed3b23b (Mono JIT Code) UnityEditor.BuildPipeline:BuildPlayer (string[],string,string,UnityEditor.BuildTargetGroup,UnityEditor.BuildTarget,int,UnityEditor.BuildOptions,string[])
0x0000018d4ed3aeab (Mono JIT Code) UnityEditor.BuildPipeline:BuildPlayer (UnityEditor.BuildPlayerOptions)
0x0000018d4ed3a143 (Mono JIT Code) GooseMergeDemoBuild:BuildWindows () (at C:/Users/TU/Desktop/GooseMergeDemoProject/Assets/Editor/GooseMergeDemoBuild.cs:27)
0x0000018d4ed3a325 (Mono JIT Code) (wrapper runtime-invoke) object:runtime_invoke_void (object,intptr,intptr,intptr)
0x00007ffc84454b7e (mono-2.0-bdwgc) mono_jit_runtime_invoke (at C:/build/output/Unity-Technologies/mono/mono/mini/mini-runtime.c:3445)
0x00007ffc8438d204 (mono-2.0-bdwgc) do_runtime_invoke (at C:/build/output/Unity-Technologies/mono/mono/metadata/object.c:3068)
0x00007ffc8438d37c (mono-2.0-bdwgc) mono_runtime_invoke (at C:/build/output/Unity-Technologies/mono/mono/metadata/object.c:3115)
0x00007ff748208584 (Unity) scripting_method_invoke
0x00007ff7481e4eb4 (Unity) ScriptingInvocation::Invoke
0x00007ff748e485d3 (Unity) Application::ParseARGVCommands
0x00007ff748e3de23 (Unity) Application::FinishLoadingProject
0x00007ff7492bec59 (Unity) WinMain
0x00007ff74a6821fe (Unity) __scrt_common_main_seh
0x00007ffd8587ccb7 (KERNEL32) BaseThreadInitThunk
0x00007ffd8626ad6c (ntdll) RtlUserThreadStart

Start importing ProjectSettings/ProjectSettings.asset using Guid(00000000000000004000000000000000) Importer(-1,00000000000000000000000000000000) [PhysX] Initialized MultithreadedTaskDispatcher with 14 workers.
 -> (artifact id: '199a32852ac51b813c4bb114377f3a2f') in 0.003009 seconds
Refreshing native plugins compatible for Editor in 3.17 ms, found 0 plugins.
Preloading 0 native plugins for Editor in 0.00 ms.
Asset Pipeline Refresh (id=a1bcdf065c6f4a7489a3402088516c51): Total: 0.020 seconds - Initiated by StopAssetImportingV2(NoUpdateAssetOptions)
DisplayProgressNotification: Build Failed
Error building Player: Currently selected scripting backend (IL2CPP) is not installed.
Unloading 16 Unused Serialized files (Serialized files now loaded: 0)
Unloading 18 unused Assets / (9.7 KB). Loaded Objects now: 2995.
Memory consumption went from 105.6 MB to 105.6 MB.
Total: 3.198200 ms (FindLiveObjects: 0.148400 ms CreateObjectMapping: 0.050000 ms MarkObjects: 2.954000 ms  DeleteObjects: 0.045000 ms)

Build Finished, Result: Failure.
##utp:{"type":"PlayerBuildInfo","version":2,"phase":"Immediate","time":1788837313498,"processId":35168,"steps":[{"description":"Preprocess Player","duration":240},{"description":"Prepare For Build","duration":2}],"duration":242}
[PhysX] Initialized MultithreadedTaskDispatcher with 14 workers.
Unloading 0 Unused Serialized files (Serialized files now loaded: 0)
Loaded scene 'Temp/__Backupscenes/0.backup'
	Deserialize:            0.568 ms
	Integration:            119.261 ms
	Integration of assets:  0.002 ms
	Thread Wait Time:       0.023 ms
	Total Operation Time:   119.854 ms
Unloading 0 unused Assets / (0 B). Loaded Objects now: 2994.
Memory consumption went from 105.0 MB to 105.0 MB.
Total: 3.258800 ms (FindLiveObjects: 0.154800 ms CreateObjectMapping: 0.069200 ms MarkObjects: 3.023600 ms  DeleteObjects: 0.010000 ms)

Goose Merge Demo build failed: Failed
0x00007ff7482effdd (Unity) StackWalker::GetCurrentCallstack
0x00007ff7482f50b9 (Unity) StackWalker::ShowCallstack
0x00007ff7492b3f71 (Unity) GetStacktrace
0x00007ff749966cfe (Unity) DebugStringToFile
0x00007ff74731772a (Unity) DebugLogHandler_CUSTOM_Internal_Log
0x0000018d8ee36ef3 (Mono JIT Code) (wrapper managed-to-native) UnityEngine.DebugLogHandler:Internal_Log (UnityEngine.LogType,UnityEngine.LogOption,string,UnityEngine.Object)
0x0000018d8ee36e0b (Mono JIT Code) UnityEngine.DebugLogHandler:LogFormat (UnityEngine.LogType,UnityEngine.Object,string,object[])
0x0000018d8ee36b50 (Mono JIT Code) UnityEngine.Logger:Log (UnityEngine.LogType,object)
0x0000018d8ee3b9f5 (Mono JIT Code) UnityEngine.Debug:LogError (object)
0x0000018d4ed3a1f3 (Mono JIT Code) GooseMergeDemoBuild:BuildWindows () (at C:/Users/TU/Desktop/GooseMergeDemoProject/Assets/Editor/GooseMergeDemoBuild.cs:31)
0x0000018d4ed3a325 (Mono JIT Code) (wrapper runtime-invoke) object:runtime_invoke_void (object,intptr,intptr,intptr)
0x00007ffc84454b7e (mono-2.0-bdwgc) mono_jit_runtime_invoke (at C:/build/output/Unity-Technologies/mono/mono/mini/mini-runtime.c:3445)
0x00007ffc8438d204 (mono-2.0-bdwgc) do_runtime_invoke (at C:/build/output/Unity-Technologies/mono/mono/metadata/object.c:3068)
0x00007ffc8438d37c (mono-2.0-bdwgc) mono_runtime_invoke (at C:/build/output/Unity-Technologies/mono/mono/metadata/object.c:3115)
0x00007ff748208584 (Unity) scripting_method_invoke
0x00007ff7481e4eb4 (Unity) ScriptingInvocation::Invoke
0x00007ff748e485d3 (Unity) Application::ParseARGVCommands
0x00007ff748e3de23 (Unity) Application::FinishLoadingProject
0x00007ff7492bec59 (Unity) WinMain
0x00007ff74a6821fe (Unity) __scrt_common_main_seh
0x00007ffd8587ccb7 (KERNEL32) BaseThreadInitThunk
0x00007ffd8626ad6c (ntdll) RtlUserThreadStart

Batchmode quit successfully invoked - shutting down!
Curl error 42: Callback aborted
<b><color=#2EA3FF>MCP-FOR-UNITY</color></b>: No process found listening on port 8080
0x00007ff7482effdd (Unity) StackWalker::GetCurrentCallstack
0x00007ff7482f50b9 (Unity) StackWalker::ShowCallstack
0x00007ff7492b3f71 (Unity) GetStacktrace
0x00007ff749966cfe (Unity) DebugStringToFile
0x00007ff74731772a (Unity) DebugLogHandler_CUSTOM_Internal_Log
0x0000018d8ee36ef3 (Mono JIT Code) (wrapper managed-to-native) UnityEngine.DebugLogHandler:Internal_Log (UnityEngine.LogType,UnityEngine.LogOption,string,UnityEngine.Object)
0x0000018d8ee36e0b (Mono JIT Code) UnityEngine.DebugLogHandler:LogFormat (UnityEngine.LogType,UnityEngine.Object,string,object[])
0x0000018d8ee36b50 (Mono JIT Code) UnityEngine.Logger:Log (UnityEngine.LogType,object)
0x0000018d8ee36a18 (Mono JIT Code) UnityEngine.Debug:Log (object)
0x0000018d3d66df6b (Mono JIT Code) MCPForUnity.Editor.Helpers.McpLog:Info (string,bool) (at ./Library/PackageCache/com.coplaydev.unity-mcp@78ee541841/Editor/Helpers/McpLog.cs:41)
0x0000018c681494f3 (Mono JIT Code) MCPForUnity.Editor.Services.ServerManagementService:StopLocalHttpServerInternal (bool,System.Nullable`1<int>,bool) (at ./Library/PackageCache/com.coplaydev.unity-mcp@78ee541841/Editor/Services/ServerManagementService.cs:714)
0x0000018c681487cb (Mono JIT Code) MCPForUnity.Editor.Services.ServerManagementService:StopLocalHttpServer () (at ./Library/PackageCache/com.coplaydev.unity-mcp@78ee541841/Editor/Services/ServerManagementService.cs:349)
0x0000018c6813f6a6 (Mono JIT Code) MCPForUnity.Editor.Services.McpEditorShutdownCleanup:OnEditorQuitting () (at ./Library/PackageCache/com.coplaydev.unity-mcp@78ee541841/Editor/Services/McpEditorShutdownCleanup.cs:60)
0x0000018c6813ec70 (Mono JIT Code) UnityEditor.EditorApplication:Internal_EditorApplicationQuit ()
0x0000018ce54c9ce5 (Mono JIT Code) (wrapper runtime-invoke) object:runtime_invoke_void (object,intptr,intptr,intptr)
0x00007ffc84454b7e (mono-2.0-bdwgc) mono_jit_runtime_invoke (at C:/build/output/Unity-Technologies/mono/mono/mini/mini-runtime.c:3445)
0x00007ffc8438d204 (mono-2.0-bdwgc) do_runtime_invoke (at C:/build/output/Unity-Technologies/mono/mono/metadata/object.c:3068)
0x00007ffc8438d37c (mono-2.0-bdwgc) mono_runtime_invoke (at C:/build/output/Unity-Technologies/mono/mono/metadata/object.c:3115)
0x00007ff7481e1d6d (Unity) CallStaticMonoMethod
0x00007ff7481e1b07 (Unity) CallStaticMonoMethod
0x00007ff748e3ac2e (Unity) Application::CoreShutdown
0x00007ff748e4a2b5 (Unity) Application::ParseARGVCommands
0x00007ff748e3de23 (Unity) Application::FinishLoadingProject
0x00007ff7492bec59 (Unity) WinMain
0x00007ff74a6821fe (Unity) __scrt_common_main_seh
0x00007ffd8587ccb7 (KERNEL32) BaseThreadInitThunk
0x00007ffd8626ad6c (ntdll) RtlUserThreadStart

[PhysX] Initialized MultithreadedTaskDispatcher with 14 workers.
Input System module state changed to: ShutdownInProgress.
Input System polling thread exited.
Input System module state changed to: Shutdown.
[Licensing::IpcConnector] LicenseClient-TU-2022.3.62-notifications channel disconnected successfully.
[Licensing::IpcConnector] LicenseClient-TU-2022.3.62 channel disconnected successfully.
Cleanup mono
[Performance] WinEditorMain                                                                                                        :        1 samples, Peak.  2.19 s (1.0x), Avg.  2.19 s, Total. 2.193 s (24.0%)
[Performance] WinEditorMain.ConfigureCrashHandler                                                                                  :        1 samples, Peak.  33.1 us (1.0x), Avg.  33.1 us, Total. 33.10 us (0.0%)
[Performance] WinEditorMain.CurlRequestInitialize                                                                                  :        1 samples, Peak.   655 us (1.0x), Avg.   655 us, Total. 655.0 us (0.0%)
[Performance] WinEditorMain.SetupLogFile                                                                                           :        1 samples, Peak.   496 us (1.0x), Avg.   496 us, Total. 495.8 us (0.0%)
[Performance] WinEditorMain.RunNativeTestsIfRequiredAndExit                                                                        :        1 samples, Peak.   100 ns (1.0x), Avg.   100 ns, Total. 100.0 ns (0.0%)
[Performance] WinEditorMain.Licensing                                                                                              :        1 samples, Peak.  2.17 s (1.0x), Avg.  2.17 s, Total. 2.166 s (23.8%)
[Performance] WinEditorMain.InitializeCrashHandler                                                                                 :        1 samples, Peak.  22.2 ms (1.0x), Avg.  22.2 ms, Total. 22.19 ms (0.2%)
[Performance] WinEditorMain.CreateApplication                                                                                      :        1 samples, Peak.   135 us (1.0x), Avg.   135 us, Total. 134.7 us (0.0%)
[Performance] Application.InitializeProject                                                                                        :        1 samples, Peak.  5.91 s (1.0x), Avg.  5.91 s, Total. 5.912 s (64.8%)
[Performance] Application.PackageManager.StartServer                                                                               :        1 samples, Peak.  11.8 ms (1.0x), Avg.  11.8 ms, Total. 11.77 ms (0.1%)
[Performance] Application.AcquireProjectLock                                                                                       :        1 samples, Peak.  3.82 ms (1.0x), Avg.  3.82 ms, Total. 3.821 ms (0.0%)
[Performance] Application.InitializeEngineNoGraphics                                                                               :        1 samples, Peak.  49.1 ms (1.0x), Avg.  49.1 ms, Total. 49.09 ms (0.5%)
[Performance] Application.PackageManager.Initialize                                                                                :        1 samples, Peak.   251 ms (1.0x), Avg.   251 ms, Total. 251.0 ms (2.8%)
[Performance] Connecting to Package Manager                                                                                        :       26 samples, Peak.  99.3 us (15.9x), Avg.  6.25 us, Total. 162.4 us (0.0%)
[Performance] Application.EngineGraphics.Initialize                                                                                :        1 samples, Peak.   332 ms (1.0x), Avg.   332 ms, Total. 332.3 ms (3.6%)
[Performance] Application.GI.Initialize                                                                                            :        1 samples, Peak.  4.40 ms (1.0x), Avg.  4.40 ms, Total. 4.396 ms (0.0%)
[Performance] Application.LoadAllDefaultResourcesFromEditor                                                                        :        1 samples, Peak.  1.34 ms (1.0x), Avg.  1.34 ms, Total. 1.343 ms (0.0%)
[Performance] Application.LoadMonoAssemblies                                                                                       :        1 samples, Peak.   434 ms (1.0x), Avg.   434 ms, Total. 433.7 ms (4.8%)
[Performance] RestoreManagedReferences                                                                                             :        2 samples, Peak.  28.8 ms (2.0x), Avg.  14.4 ms, Total. 28.77 ms (0.3%)
[Performance] InitializeOnLoad DrivenRectTransformUndo                                                                             :        2 samples, Peak.   306 us (1.0x), Avg.   291 us, Total. 583.0 us (0.0%)
[Performance] InitializeOnLoad SceneSearch                                                                                         :        2 samples, Peak.   118 us (1.3x), Avg.  93.5 us, Total. 187.1 us (0.0%)
[Performance] InitializeOnLoad CloudBuild                                                                                          :        2 samples, Peak.  3.30 us (1.2x), Avg.  2.70 us, Total. 5.400 us (0.0%)
[Performance] InitializeOnLoad NativeFormatImporterUtility                                                                         :        2 samples, Peak.  1.87 ms (1.2x), Avg.  1.61 ms, Total. 3.226 ms (0.0%)
[Performance] InitializeOnLoad SearchService                                                                                       :        2 samples, Peak.  92.3 us (1.1x), Avg.  82.9 us, Total. 165.8 us (0.0%)
[Performance] InitializeOnLoad SettingsService                                                                                     :        2 samples, Peak.  8.50 us (1.3x), Avg.  6.30 us, Total. 12.60 us (0.0%)
[Performance] InitializeOnLoad WindowLayout                                                                                        :        2 samples, Peak.   612 us (1.1x), Avg.   535 us, Total. 1.071 ms (0.0%)
[Performance] InitializeOnLoad AssetStoreContext                                                                                   :        2 samples, Peak.  16.6 ms (1.0x), Avg.  15.9 ms, Total. 31.87 ms (0.3%)
[Performance] InitializeOnLoad PoolManager                                                                                         :        2 samples, Peak.   396 us (1.0x), Avg.   385 us, Total. 770.3 us (0.0%)
[Performance] InitializeOnLoad MixerEffectDefinitionReloader                                                                       :        2 samples, Peak.  2.28 ms (1.3x), Avg.  1.71 ms, Total. 3.419 ms (0.0%)
[Performance] InitializeOnLoad ProjectSearch                                                                                       :        2 samples, Peak.  58.6 us (1.1x), Avg.  54.1 us, Total. 108.2 us (0.0%)
[Performance] InitializeOnLoad UISystemProfilerRenderService                                                                       :        2 samples, Peak.  9.20 us (1.2x), Avg.  7.75 us, Total. 15.50 us (0.0%)
[Performance] InitializeOnLoad EditMode                                                                                            :        2 samples, Peak.   326 us (1.1x), Avg.   287 us, Total. 573.8 us (0.0%)
[Performance] InitializeOnLoad UnityConnect                                                                                        :        2 samples, Peak.  59.6 us (1.3x), Avg.  46.1 us, Total. 92.20 us (0.0%)
[Performance] InitializeOnLoad ManagedDebugger                                                                                     :        2 samples, Peak.   721 us (1.3x), Avg.   535 us, Total. 1.070 ms (0.0%)
[Performance] InitializeOnLoad ShortcutIntegration                                                                                 :        2 samples, Peak.  49.9 us (1.2x), Avg.  41.4 us, Total. 82.80 us (0.0%)
[Performance] InitializeOnLoad AddComponentWindow                                                                                  :        2 samples, Peak.  77.3 us (1.1x), Avg.  71.0 us, Total. 141.9 us (0.0%)
[Performance] InitializeOnLoad ManagedDebuggerWindow                                                                               :        2 samples, Peak.  92.8 us (1.1x), Avg.  82.8 us, Total. 165.5 us (0.0%)
[Performance] InitializeOnLoad CacheServerWindow                                                                                   :        2 samples, Peak.  6.10 us (1.3x), Avg.  4.85 us, Total. 9.700 us (0.0%)
[Performance] InitializeOnLoad PlayModeDownload                                                                                    :        2 samples, Peak.  3.64 ms (1.9x), Avg.  1.88 ms, Total. 3.757 ms (0.0%)
[Performance] InitializeOnLoad MenuItems                                                                                           :        2 samples, Peak.  77.1 us (1.3x), Avg.  61.5 us, Total. 122.9 us (0.0%)
[Performance] InitializeOnLoad PrefabInstanceChangedListener                                                                       :        2 samples, Peak.  92.2 us (1.1x), Avg.  85.5 us, Total. 171.0 us (0.0%)
[Performance] InitializeOnLoad ObjectSelectorSearch                                                                                :        2 samples, Peak.  71.4 us (1.5x), Avg.  48.6 us, Total. 97.30 us (0.0%)
[Performance] InitializeOnLoad EditorMonitor                                                                                       :        2 samples, Peak.   462 us (1.2x), Avg.   389 us, Total. 777.6 us (0.0%)
[Performance] InitializeOnLoad RetainedMode                                                                                        :        2 samples, Peak.  1.64 ms (1.0x), Avg.  1.58 ms, Total. 3.169 ms (0.0%)
[Performance] InitializeOnLoad EditorShaderLoader                                                                                  :        2 samples, Peak.   571 us (1.1x), Avg.   502 us, Total. 1.005 ms (0.0%)
[Performance] InitializeOnLoad EditorDelegateRegistration                                                                          :        2 samples, Peak.   316 us (1.1x), Avg.   292 us, Total. 583.3 us (0.0%)
[Performance] InitializeOnLoad UIDocumentHierarchyWatcher                                                                          :        2 samples, Peak.  47.3 us (1.0x), Avg.  47.0 us, Total. 94.00 us (0.0%)
[Performance] InitializeOnLoad LiveReloadTrackerCreator                                                                            :        2 samples, Peak.   112 us (1.2x), Avg.  95.6 us, Total. 191.2 us (0.0%)
[Performance] InitializeOnLoad UxmlObjectEditorFactories                                                                           :        2 samples, Peak.   361 us (1.2x), Avg.   310 us, Total. 620.5 us (0.0%)
[Performance] InitializeOnLoad UXMLEditorFactories                                                                                 :        2 samples, Peak.  42.5 ms (1.1x), Avg.  38.3 ms, Total. 76.57 ms (0.8%)
[Performance] InitializeOnLoad PurchasingService                                                                                   :        2 samples, Peak.  4.46 ms (1.0x), Avg.  4.42 ms, Total. 8.830 ms (0.1%)
[Performance] InitializeOnLoad CloudBuildPoller                                                                                    :        2 samples, Peak.  78.5 us (1.1x), Avg.  72.4 us, Total. 144.9 us (0.0%)
[Performance] InitializeOnLoad EditorGameServicesAnalytics                                                                         :        2 samples, Peak.  1.83 ms (1.4x), Avg.  1.30 ms, Total. 2.591 ms (0.0%)
[Performance] InitializeOnLoad AnalyticsService                                                                                    :        2 samples, Peak.   120 us (1.0x), Avg.   116 us, Total. 231.8 us (0.0%)
[Performance] InitializeOnLoad BuildService                                                                                        :        2 samples, Peak.  92.8 us (1.0x), Avg.  91.8 us, Total. 183.5 us (0.0%)
[Performance] InitializeOnLoad AdsService                                                                                          :        2 samples, Peak.   336 us (1.2x), Avg.   287 us, Total. 573.2 us (0.0%)
[Performance] InitializeOnLoad UDPService                                                                                          :        2 samples, Peak.  85.8 us (1.0x), Avg.  84.5 us, Total. 169.1 us (0.0%)
[Performance] InitializeOnLoad CrashService                                                                                        :        2 samples, Peak.  80.8 us (1.0x), Avg.  78.1 us, Total. 156.2 us (0.0%)
[Performance] InitializeOnLoad ServicesRepository                                                                                  :        2 samples, Peak.   300 ns (1.2x), Avg.   250 ns, Total. 500.0 ns (0.0%)
[Performance] InitializeOnLoad SearchWindow                                                                                        :        2 samples, Peak.   173 us (1.3x), Avg.   132 us, Total. 264.3 us (0.0%)
[Performance] InitializeOnLoad CustomIndexers                                                                                      :        2 samples, Peak.  12.5 ms (1.1x), Avg.  11.1 ms, Total. 22.19 ms (0.2%)
[Performance] InitializeOnLoad SearchMonitor                                                                                       :        2 samples, Peak.   843 us (1.2x), Avg.   680 us, Total. 1.360 ms (0.0%)
[Performance] InitializeOnLoad ParameterControllerEditor                                                                           :        2 samples, Peak.  17.1 us (1.1x), Avg.  15.3 us, Total. 30.60 us (0.0%)
[Performance] InitializeOnLoad LayerSettingsWindow                                                                                 :        2 samples, Peak.  15.9 us (1.7x), Avg.  9.15 us, Total. 18.30 us (0.0%)
[Performance] InitializeOnLoad PackageManagerHookGUIDConverter.RegisterPackagesEventHandler                                        :        2 samples, Peak.   593 us (1.8x), Avg.   331 us, Total. 662.5 us (0.0%)
[Performance] InitializeOnLoad EditorDragAndDrop.RegisterEditorClient                                                              :        2 samples, Peak.   183 us (1.2x), Avg.   155 us, Total. 309.6 us (0.0%)
[Performance] InitializeOnLoad EditorEventCallbacks.InitializeFontAssetResourceChangeCallBacks                                     :        2 samples, Peak.   913 us (1.1x), Avg.   838 us, Total. 1.676 ms (0.0%)
[Performance] InitializeOnLoad SceneTemplateService.Init                                                                           :        2 samples, Peak.   888 us (1.1x), Avg.   831 us, Total. 1.661 ms (0.0%)
[Performance] InitializeOnLoad DiagnosticSwitchesConsoleMessage.Init                                                               :        2 samples, Peak.  6.18 ms (1.9x), Avg.  3.33 ms, Total. 6.659 ms (0.1%)
[Performance] InitializeOnLoad MemoryProfilerCompilationGuard.InjectCompileGuard                                                   :        2 samples, Peak.   149 us (1.3x), Avg.   113 us, Total. 225.7 us (0.0%)
[Performance] InitializeOnLoad EditorWindow.Initialize                                                                             :        2 samples, Peak.   190 us (1.1x), Avg.   170 us, Total. 339.7 us (0.0%)
[Performance] InitializeOnLoad AssetPostprocessingInternal.RefreshCustomDependencies                                               :        2 samples, Peak.  2.21 ms (1.4x), Avg.  1.56 ms, Total. 3.125 ms (0.0%)
[Performance] InitializeOnLoad SysrootManager.Initialize                                                                           :        2 samples, Peak.   338 us (1.0x), Avg.   326 us, Total. 651.2 us (0.0%)
[Performance] InitializeOnLoad PackageManagerWindow.EditorInitializedInSafeMode                                                    :        2 samples, Peak.  16.9 ms (2.0x), Avg.  8.52 ms, Total. 17.05 ms (0.2%)
[Performance] InitializeOnLoad ToolShortcutContext.Init                                                                            :        2 samples, Peak.  88.0 us (1.0x), Avg.  85.5 us, Total. 171.1 us (0.0%)
[Performance] InitializeOnLoad SceneVisibilityManager.Initialize                                                                   :        2 samples, Peak.  3.29 ms (1.7x), Avg.  1.90 ms, Total. 3.810 ms (0.0%)
[Performance] InitializeOnLoad ScopedRegistryAddedPopup.SubscribeToRegistriesAdded                                                 :        2 samples, Peak.  5.01 ms (2.0x), Avg.  2.54 ms, Total. 5.084 ms (0.1%)
[Performance] AssemblyReloadEvents.afterAssemblyReload: UnityEditor.SceneTemplate.SceneTemplateService.AfterAssemblyReload         :        2 samples, Peak.  2.29 ms (1.8x), Avg.  1.25 ms, Total. 2.491 ms (0.0%)
[Performance] ProcessService.EditorAfterLoadAllAssemblies                                                                          :        2 samples, Peak.   246 us (1.2x), Avg.   210 us, Total. 419.5 us (0.0%)
[Performance] Application.ReadLicenseInfo                                                                                          :        1 samples, Peak.  14.1 ms (1.0x), Avg.  14.1 ms, Total. 14.13 ms (0.2%)
[Performance] Application.InitialRefresh                                                                                           :        1 samples, Peak.  4.10 s (1.0x), Avg.  4.10 s, Total. 4.101 s (45.0%)
[Performance] ShaderImporter.SourceAssetModified                                                                                   :        3 samples, Peak.  1.00 us (1.3x), Avg.   767 ns, Total. 2.300 us (0.0%)
[Performance] ShaderIncludeImporter.SourceAssetModified                                                                            :        3 samples, Peak.  1.00 us (1.3x), Avg.   800 ns, Total. 2.400 us (0.0%)
[Performance] Compiling Scripts                                                                                                    :        1 samples, Peak.   688 ms (1.0x), Avg.   688 ms, Total. 688.3 ms (7.5%)
[Performance] AssemblyReloadEvents.beforeAssemblyReload: UnityEditor.SceneTemplate.SceneTemplateService.BeforeAssemblyReload       :        1 samples, Peak.   642 us (1.0x), Avg.   642 us, Total. 641.6 us (0.0%)
[Performance] PresetManagerPostProcessor.OnPreprocessAsset                                                                         :        2 samples, Peak.   792 us (2.0x), Avg.   404 us, Total. 807.5 us (0.0%)
[Performance] CancelSplashScreenOnAssetChange.OnPreprocessAsset                                                                    :        2 samples, Peak.  82.2 us (2.0x), Avg.  42.0 us, Total. 84.00 us (0.0%)
[Performance] InitializeOnLoad BurstLoader                                                                                         :        1 samples, Peak.  1.28 s (1.0x), Avg.  1.28 s, Total. 1.276 s (14.0%)
[Performance] InitializeOnLoad OnDomainReload                                                                                      :        1 samples, Peak.   411 us (1.0x), Avg.   411 us, Total. 410.7 us (0.0%)
[Performance] InitializeOnLoad EditorInitialize                                                                                    :        3 samples, Peak.  10.8 ms (2.6x), Avg.  4.20 ms, Total. 12.60 ms (0.1%)
[Performance] InitializeOnLoad CanvasesAndTheirOwners                                                                              :        1 samples, Peak.   142 us (1.0x), Avg.   142 us, Total. 141.9 us (0.0%)
[Performance] InitializeOnLoad CinemachineEditorAnalytics                                                                          :        1 samples, Peak.   104 us (1.0x), Avg.   104 us, Total. 103.6 us (0.0%)
[Performance] InitializeOnLoad SaveDuringPlay                                                                                      :        1 samples, Peak.  38.6 us (1.0x), Avg.  38.6 us, Total. 38.60 us (0.0%)
[Performance] InitializeOnLoad CollectGizmoDrawers                                                                                 :        1 samples, Peak.  5.76 ms (1.0x), Avg.  5.76 ms, Total. 5.762 ms (0.1%)
[Performance] InitializeOnLoad CinemachineScreenComposerGuidesGlobalDraggable                                                      :        1 samples, Peak.   124 us (1.0x), Avg.   124 us, Total. 124.4 us (0.0%)
[Performance] InitializeOnLoad CinemachineStoryboardMute                                                                           :        1 samples, Peak.   136 us (1.0x), Avg.   136 us, Total. 136.1 us (0.0%)
[Performance] InitializeOnLoad CreateRigWithUndo                                                                                   :        1 samples, Peak.   142 us (1.0x), Avg.   142 us, Total. 141.7 us (0.0%)
[Performance] InitializeOnLoad CreatePipelineWithUndo                                                                              :        1 samples, Peak.  82.0 us (1.0x), Avg.  82.0 us, Total. 82.00 us (0.0%)
[Performance] InitializeOnLoad CinemachineColliderPrefs                                                                            :        1 samples, Peak.   164 us (1.0x), Avg.   164 us, Total. 163.7 us (0.0%)
[Performance] InitializeOnLoad SyncCacheEnabledSetting                                                                             :        1 samples, Peak.   341 us (1.0x), Avg.   341 us, Total. 340.8 us (0.0%)
[Performance] InitializeOnLoad BackgroundWatcher                                                                                   :        1 samples, Peak.  94.8 us (1.0x), Avg.  94.8 us, Total. 94.80 us (0.0%)
[Performance] InitializeOnLoad UnityTestProtocolStarter                                                                            :        1 samples, Peak.   841 us (1.0x), Avg.   841 us, Total. 841.2 us (0.0%)
[Performance] InitializeOnLoad TestStarter                                                                                         :        1 samples, Peak.   685 us (1.0x), Avg.   685 us, Total. 684.6 us (0.0%)
[Performance] InitializeOnLoad RerunCallbackInitializer                                                                            :        1 samples, Peak.  2.20 ms (1.0x), Avg.  2.20 ms, Total. 2.201 ms (0.0%)
[Performance] InitializeOnLoad GetIl2CppFolderHook                                                                                 :        1 samples, Peak.  7.82 ms (1.0x), Avg.  7.82 ms, Total. 7.822 ms (0.1%)
[Performance] InitializeOnLoad CopyStrippedAOTAssembliesHook                                                                       :        1 samples, Peak.  1.27 ms (1.0x), Avg.  1.27 ms, Total. 1.274 ms (0.0%)
[Performance] InitializeOnLoad VisualStudioEditor                                                                                  :        1 samples, Peak.  21.4 ms (1.0x), Avg.  21.4 ms, Total. 21.43 ms (0.2%)
[Performance] InitializeOnLoad TestRunnerApiListener                                                                               :        1 samples, Peak.   478 us (1.0x), Avg.   478 us, Total. 478.4 us (0.0%)
[Performance] InitializeOnLoad VisualStudioIntegration                                                                             :        1 samples, Peak.  1.11 ms (1.0x), Avg.  1.11 ms, Total. 1.112 ms (0.0%)
[Performance] InitializeOnLoad PrefabLayoutRebuilder                                                                               :        1 samples, Peak.   205 us (1.0x), Avg.   205 us, Total. 204.8 us (0.0%)
[Performance] InitializeOnLoad HistoryData                                                                                         :        1 samples, Peak.   431 us (1.0x), Avg.   431 us, Total. 430.6 us (0.0%)
[Performance] InitializeOnLoad RiderScriptEditor                                                                                   :        1 samples, Peak.  4.02 ms (1.0x), Avg.  4.02 ms, Total. 4.016 ms (0.0%)
[Performance] InitializeOnLoad CallbackInitializer                                                                                 :        1 samples, Peak.  1.04 ms (1.0x), Avg.  1.04 ms, Total. 1.042 ms (0.0%)
[Performance] InitializeOnLoad SpriteEditorWindow                                                                                  :        1 samples, Peak.   300 us (1.0x), Avg.   300 us, Total. 300.1 us (0.0%)
[Performance] InitializeOnLoad HttpBridgeReloadHandler                                                                             :        1 samples, Peak.   392 us (1.0x), Avg.   392 us, Total. 391.5 us (0.0%)
[Performance] InitializeOnLoad SetupWindowService                                                                                  :        1 samples, Peak.   121 us (1.0x), Avg.   121 us, Total. 121.3 us (0.0%)
[Performance] InitializeOnLoad HttpAutoStartHandler                                                                                :        1 samples, Peak.  90.6 us (1.0x), Avg.  90.6 us, Total. 90.60 us (0.0%)
[Performance] InitializeOnLoad StdioBridgeReloadHandler                                                                            :        1 samples, Peak.   100 us (1.0x), Avg.   100 us, Total. 100.4 us (0.0%)
[Performance] InitializeOnLoad TestRunnerNoThrottle                                                                                :        1 samples, Peak.   243 us (1.0x), Avg.   243 us, Total. 243.4 us (0.0%)
[Performance] InitializeOnLoad StdioBridgeHost                                                                                     :        1 samples, Peak.   482 us (1.0x), Avg.   482 us, Total. 481.5 us (0.0%)
[Performance] InitializeOnLoad StdIoVersionMigration                                                                               :        1 samples, Peak.  41.6 us (1.0x), Avg.  41.6 us, Total. 41.60 us (0.0%)
[Performance] InitializeOnLoad LegacyServerSrcMigration                                                                            :        1 samples, Peak.  31.8 us (1.0x), Avg.  31.8 us, Total. 31.80 us (0.0%)
[Performance] InitializeOnLoad PlayModeOptionsGuard                                                                                :        1 samples, Peak.   274 us (1.0x), Avg.   274 us, Total. 273.8 us (0.0%)
[Performance] InitializeOnLoad ProjectIdentityUtility                                                                              :        1 samples, Peak.   108 us (1.0x), Avg.   108 us, Total. 107.9 us (0.0%)
[Performance] InitializeOnLoad EditorStateCache                                                                                    :        1 samples, Peak.   177 ms (1.0x), Avg.   177 ms, Total. 176.8 ms (1.9%)
[Performance] InitializeOnLoad McpEditorShutdownCleanup                                                                            :        1 samples, Peak.   556 us (1.0x), Avg.   556 us, Total. 555.8 us (0.0%)
[Performance] InitializeOnLoad TransportCommandDispatcher                                                                          :        1 samples, Peak.   337 ms (1.0x), Avg.   337 ms, Total. 337.5 ms (3.7%)
[Performance] InitializeOnLoad StartupConfigRewrite                                                                                :        1 samples, Peak.   233 us (1.0x), Avg.   233 us, Total. 233.4 us (0.0%)
[Performance] InitializeOnLoad VSCodeScriptEditor                                                                                  :        1 samples, Peak.  2.46 ms (1.0x), Avg.  2.46 ms, Total. 2.458 ms (0.0%)
[Performance] InitializeOnLoad ExecuteCode.OnDomainReload                                                                          :        1 samples, Peak.   442 us (1.0x), Avg.   442 us, Total. 442.3 us (0.0%)
[Performance] InitializeOnLoad UnityReflect.OnLoad                                                                                 :        1 samples, Peak.   381 us (1.0x), Avg.   381 us, Total. 380.7 us (0.0%)
[Performance] InitializeOnLoad McpLogRecord.RefreshFromPrefs                                                                       :        1 samples, Peak.   133 us (1.0x), Avg.   133 us, Total. 133.3 us (0.0%)
[Performance] InitializeOnLoad GetMenuItems.BuildCache                                                                             :        1 samples, Peak.  5.51 ms (1.0x), Avg.  5.51 ms, Total. 5.508 ms (0.1%)
[Performance] InitializeOnLoad $BurstDirectCallInitializer.Initialize                                                              :        2 samples, Peak.  6.55 ms (1.7x), Avg.  3.79 ms, Total. 7.572 ms (0.1%)
[Performance] InitializeOnLoad SysrootPackage.IssueWarningIfLinuxIL2CPPNotPresent                                                  :        1 samples, Peak.   204 us (1.0x), Avg.   204 us, Total. 203.5 us (0.0%)
[Performance] InitializeOnLoad MemoryProfilerSettings.RuntimeInitialize                                                            :        1 samples, Peak.   499 us (1.0x), Avg.   499 us, Total. 499.0 us (0.0%)
[Performance] InitializeOnLoad EditorGUICompatibilityHelper.RuntimeInitialize                                                      :        1 samples, Peak.  2.18 ms (1.0x), Avg.  2.18 ms, Total. 2.185 ms (0.0%)
[Performance] InitializeOnLoad TestJobDataHolder.ResumeRunningJobs                                                                 :        1 samples, Peak.   913 us (1.0x), Avg.   913 us, Total. 912.7 us (0.0%)
[Performance] InitializeOnLoad AnalyticsReporter.RegisterCallbacks                                                                 :        1 samples, Peak.   148 us (1.0x), Avg.   148 us, Total. 148.5 us (0.0%)
[Performance] InitializeOnLoad VisualStudioEditor.LegacyVisualStudioCodePackageDisabler                                            :        1 samples, Peak.  3.98 ms (1.0x), Avg.  3.98 ms, Total. 3.984 ms (0.0%)
[Performance] InitializeOnLoad MemoryProfilerModuleOverride.InitializeOverride                                                     :        1 samples, Peak.   362 us (1.0x), Avg.   362 us, Total. 362.5 us (0.0%)
[Performance] InitializeOnLoad MetadataInjector.EditorInitMetadata                                                                 :        1 samples, Peak.   210 us (1.0x), Avg.   210 us, Total. 209.6 us (0.0%)
[Performance] DidReloadScriptsCinemachineExtension.OnScriptReload                                                                  :        1 samples, Peak.   349 us (1.0x), Avg.   349 us, Total. 348.7 us (0.0%)
[Performance] DidReloadScriptsCinemachineVirtualCameraBase.OnScriptReload                                                          :        1 samples, Peak.  74.5 us (1.0x), Avg.  74.5 us, Total. 74.50 us (0.0%)
[Performance] DidReloadScriptsTestRunnerWindow.CompilationCallback                                                                 :        1 samples, Peak.   154 us (1.0x), Avg.   154 us, Total. 153.6 us (0.0%)
[Performance] DidReloadScriptsTestListCache.ScriptReloaded                                                                         :        1 samples, Peak.  1.05 ms (1.0x), Avg.  1.05 ms, Total. 1.047 ms (0.0%)
[Performance] DidReloadScriptsAdvancedDropdownWindow.OnScriptReload                                                                :        1 samples, Peak.   168 us (1.0x), Avg.   168 us, Total. 168.2 us (0.0%)
[Performance] AssemblyReloadEvents.afterAssemblyReload: MCPForUnity.Editor.Services.HttpBridgeReloadHandler.OnAfterAssemblyReload  :        1 samples, Peak.   686 us (1.0x), Avg.   686 us, Total. 686.3 us (0.0%)
[Performance] AssemblyReloadEvents.afterAssemblyReload: MCPForUnity.Editor.Services.StdioBridgeReloadHandler.OnAfterAssemblyReload :        1 samples, Peak.   400 us (1.0x), Avg.   400 us, Total. 400.4 us (0.0%)
[Performance] AssemblyReloadEvents.afterAssemblyReload: callback in MCPForUnity.Editor.Services.EditorStateCache                   :        1 samples, Peak.   301 us (1.0x), Avg.   301 us, Total. 300.8 us (0.0%)
[Performance] AssemblyReloadEvents.afterAssemblyReload: MCPForUnity.Editor.Tools.UnityReflect.InvalidateCache                      :        1 samples, Peak.   274 us (1.0x), Avg.   274 us, Total. 273.8 us (0.0%)
[Performance] AssetDatabase.ImportAssets                                                                                           :        6 samples, Peak.  19.7 ms (6.0x), Avg.  3.28 ms, Total. 19.70 ms (0.2%)
[Performance] VersionControl.Task.Wait                                                                                             :        1 samples, Peak.  7.20 us (1.0x), Avg.  7.20 us, Total. 7.200 us (0.0%)
[Performance] CinemachineSettings.OnPostprocessAllAssets                                                                           :        4 samples, Peak.   315 us (2.6x), Avg.   121 us, Total. 484.8 us (0.0%)
[Performance] TMPro_TexturePostProcessor.OnPostprocessAllAssets                                                                    :        4 samples, Peak.   246 us (2.0x), Avg.   123 us, Total. 491.3 us (0.0%)
[Performance] BuilderAssetPostprocessor.OnPostprocessAllAssets                                                                     :        4 samples, Peak.  3.39 ms (2.0x), Avg.  1.70 ms, Total. 6.815 ms (0.1%)
[Performance] ArtifactBrowserPostProcessor.OnPostprocessAllAssets                                                                  :        4 samples, Peak.   501 us (2.0x), Avg.   251 us, Total. 1.005 ms (0.0%)
[Performance] AssetEvents.OnPostprocessAllAssets                                                                                   :        8 samples, Peak.   267 us (2.8x), Avg.  96.2 us, Total. 769.8 us (0.0%)
[Performance] AudioMixerPostprocessor.OnPostprocessAllAssets                                                                       :        4 samples, Peak.   407 us (2.1x), Avg.   198 us, Total. 792.0 us (0.0%)
[Performance] StyleCatalogPostProcessor.OnPostprocessAllAssets                                                                     :        4 samples, Peak.  25.9 ms (2.0x), Avg.  12.9 ms, Total. 51.70 ms (0.6%)
[Performance] BuildCatalog                                                                                                         :        1 samples, Peak.  22.5 ms (1.0x), Avg.  22.5 ms, Total. 22.51 ms (0.2%)
[Performance] ModelImporterPostProcessor.OnPostprocessAllAssets                                                                    :        4 samples, Peak.  1.04 ms (2.0x), Avg.   519 us, Total. 2.077 ms (0.0%)
[Performance] RetainedModeAssetPostprocessor.OnPostprocessAllAssets                                                                :        4 samples, Peak.  2.49 ms (2.0x), Avg.  1.24 ms, Total. 4.970 ms (0.1%)
[Performance] AssetChangedListener.OnPostprocessAllAssets                                                                          :        4 samples, Peak.  1.48 ms (1.8x), Avg.   829 us, Total. 3.318 ms (0.0%)
[Performance] SpeedTreePostProcessor.OnPostprocessAllAssets                                                                        :        4 samples, Peak.   323 us (2.0x), Avg.   164 us, Total. 656.9 us (0.0%)
[Performance] TextAssetPostProcessor.OnPostprocessAllAssets                                                                        :        4 samples, Peak.   362 us (2.0x), Avg.   184 us, Total. 735.1 us (0.0%)
[Performance] SpriteEditorTexturePostprocessor.OnPostprocessAllAssets                                                              :        4 samples, Peak.   226 us (2.0x), Avg.   114 us, Total. 457.1 us (0.0%)
[Performance] SyncVS.PostprocessSyncProject                                                                                        :        2 samples, Peak.  3.60 ms (1.9x), Avg.  1.86 ms, Total. 3.723 ms (0.0%)
[Performance] Application.ImportPackagesAndSetTemplateWhenCreatingProject                                                          :        1 samples, Peak.  9.85 ms (1.0x), Avg.  9.85 ms, Total. 9.854 ms (0.1%)
[Performance] Application.SyncCurrentColorSpace                                                                                    :        1 samples, Peak.   700 ns (1.0x), Avg.   700 ns, Total. 700.0 ns (0.0%)
[Performance] Application.OnUsbDevicesChanged                                                                                      :        1 samples, Peak.  6.74 ms (1.0x), Avg.  6.74 ms, Total. 6.741 ms (0.1%)
[Performance] Application.AssetInstanceCacheUpdate                                                                                 :        1 samples, Peak.   400 ns (1.0x), Avg.   400 ns, Total. 400.0 ns (0.0%)
[Performance] Application.UnityExtensions.Initialize                                                                               :        1 samples, Peak.  1.83 ms (1.0x), Avg.  1.83 ms, Total. 1.832 ms (0.0%)
[Performance] CodeEditorProjectSync.SyncEditorProject                                                                              :        1 samples, Peak.  72.4 ms (1.0x), Avg.  72.4 ms, Total. 72.40 ms (0.8%)
[Performance] Application.ExecuteStartups                                                                                          :        1 samples, Peak.  46.5 ms (1.0x), Avg.  46.5 ms, Total. 46.47 ms (0.5%)
[Performance] Menu.RegisterMenuInterface                                                                                           :       26 samples, Peak.  2.00 us (8.3x), Avg.   242 ns, Total. 6.300 us (0.0%)
[Performance] Gizmo.RebuildRenderers                                                                                               :        2 samples, Peak.  45.5 ms (1.5x), Avg.  30.5 ms, Total. 60.98 ms (0.7%)
[Performance] Gizmo.AddGizmoRenderers                                                                                              :      138 samples, Peak.  1.22 ms (56.9x), Avg.  21.4 us, Total. 2.955 ms (0.0%)
[Performance] Application.editorInitializingProject                                                                                :        1 samples, Peak.   179 ms (1.0x), Avg.   179 ms, Total. 179.3 ms (2.0%)
[Performance] Application.InitializeMenu                                                                                           :        1 samples, Peak.  57.9 ms (1.0x), Avg.  57.9 ms, Total. 57.94 ms (0.6%)
[Performance] Menu.RebuildAll                                                                                                      :        1 samples, Peak.  57.9 ms (1.0x), Avg.  57.9 ms, Total. 57.93 ms (0.6%)
[Performance] Menu.BuildRegisteredMenuInterfaces                                                                                   :        1 samples, Peak.  56.1 ms (1.0x), Avg.  56.1 ms, Total. 56.10 ms (0.6%)
[Performance] Menu.FilterMenuItem                                                                                                  :      625 samples, Peak.  28.3 ms (607.2x), Avg.  46.7 us, Total. 29.17 ms (0.3%)
[Performance] UpdateAllMenus                                                                                                       :        1 samples, Peak.   526 us (1.0x), Avg.   526 us, Total. 526.0 us (0.0%)
[Performance] Menu.RebuildOSMainMenu                                                                                               :        2 samples, Peak.  1.19 ms (1.0x), Avg.  1.15 ms, Total. 2.304 ms (0.0%)
[Performance] EditorSceneManager.sceneClosing: InspectorHistory.HistoryData.OnSceneClosing                                         :        2 samples, Peak.  1.65 ms (2.0x), Avg.   832 us, Total. 1.664 ms (0.0%)
[Performance] EditorSceneManager.sceneClosing: UnityEditor.SceneVisibilityManager.EditorSceneManagerOnSceneClosing                 :        2 samples, Peak.   156 us (2.0x), Avg.  79.5 us, Total. 159.1 us (0.0%)
[Performance] GUIView.RepaintAll.PlayerLoopController                                                                              :        2 samples, Peak.  1.20 us (1.1x), Avg.  1.10 us, Total. 2.200 us (0.0%)
[Performance] EditorSceneManager.newSceneCreated: UnityEditor.SceneTemplate.SceneTemplateService.OnNewSceneCreated                 :        1 samples, Peak.   180 us (1.0x), Avg.   180 us, Total. 179.7 us (0.0%)
[Performance] EditorSceneManager.newSceneCreated: UnityEditor.SceneVisibilityManager.EditorSceneManagerOnNewSceneCreated           :        1 samples, Peak.   135 us (1.0x), Avg.   135 us, Total. 134.8 us (0.0%)
[Performance] EditorSceneManager.newSceneCreated: UnityEditor.SceneManagement.StageNavigationManager.OnNewSceneCreated             :        1 samples, Peak.  39.4 us (1.0x), Avg.  39.4 us, Total. 39.40 us (0.0%)
[Performance] Application.InvokeFinishedLoadingProject                                                                             :        1 samples, Peak.  4.57 ms (1.0x), Avg.  4.57 ms, Total. 4.567 ms (0.1%)
[Performance] ProcessService.OnProjectLoaded                                                                                       :        1 samples, Peak.  45.9 us (1.0x), Avg.  45.9 us, Total. 45.90 us (0.0%)
[Performance] Inspector.InitOrRebuild                                                                                              :        2 samples, Peak.   270 us (1.3x), Avg.   206 us, Total. 411.7 us (0.0%)
[Performance] BuilderAssetModificationProcessor.OnWillSaveAssets                                                                   :        2 samples, Peak.   279 us (1.9x), Avg.   144 us, Total. 288.6 us (0.0%)
[Performance] TerrainModificationProcessor.OnWillSaveAssets                                                                        :        2 samples, Peak.   794 us (2.0x), Avg.   398 us, Total. 795.5 us (0.0%)
[Performance] EditorApplication.quitting: Unity.Burst.Editor.BurstLoader.OnEditorApplicationQuitting                               :        1 samples, Peak.  24.1 us (1.0x), Avg.  24.1 us, Total. 24.10 us (0.0%)
[Performance] EditorApplication.quitting: InspectorHistory.HistoryData.OnEditorQuitting                                            :        1 samples, Peak.  2.53 ms (1.0x), Avg.  2.53 ms, Total. 2.529 ms (0.0%)
[Performance] EditorApplication.quitting: MCPForUnity.Editor.Services.StdioBridgeReloadHandler.CancelRetries                       :        1 samples, Peak.   427 us (1.0x), Avg.   427 us, Total. 427.3 us (0.0%)
[Performance] EditorApplication.quitting: MCPForUnity.Editor.Services.McpEditorShutdownCleanup.OnEditorQuitting                    :        1 samples, Peak.  50.7 ms (1.0x), Avg.  50.7 ms, Total. 50.69 ms (0.6%)
[Performance] EditorApplication.quitting: callback in UnityEditor.TextCore.Text.EditorEventCallbacks                               :        1 samples, Peak.  5.11 ms (1.0x), Avg.  5.11 ms, Total. 5.111 ms (0.1%)
[Performance] Application.Shutdown.PauseProfilerSession                                                                            :        1 samples, Peak.  29.5 us (1.0x), Avg.  29.5 us, Total. 29.50 us (0.0%)
[Performance] Application.Shutdown.PauseAssetImportWorkers                                                                         :        1 samples, Peak.   299 us (1.0x), Avg.   299 us, Total. 299.2 us (0.0%)
[Performance] Application.Shutdown.SaveAssets                                                                                      :        1 samples, Peak.  2.64 ms (1.0x), Avg.  2.64 ms, Total. 2.642 ms (0.0%)
[Performance] Application.Shutdown.CleanupRenderPipeline                                                                           :        1 samples, Peak.  5.70 us (1.0x), Avg.  5.70 us, Total. 5.700 us (0.0%)
[Performance] Application.Shutdown.StopPreloadManager                                                                              :        1 samples, Peak.  10.1 ms (1.0x), Avg.  10.1 ms, Total. 10.05 ms (0.1%)
[Performance] Application.Shutdown.DestroyWorld                                                                                    :        1 samples, Peak.   447 us (1.0x), Avg.   447 us, Total. 447.2 us (0.0%)
[Performance] Application.Shutdown.CleanupAfterLoad                                                                                :        1 samples, Peak.   117 ms (1.0x), Avg.   117 ms, Total. 117.3 ms (1.3%)
[Performance] Application.Shutdown.Progress                                                                                        :        1 samples, Peak.  5.70 us (1.0x), Avg.  5.70 us, Total. 5.700 us (0.0%)
[Performance] Application.Shutdown.GICleanupManagers                                                                               :        1 samples, Peak.   530 us (1.0x), Avg.   530 us, Total. 530.5 us (0.0%)
[Performance] Application.Shutdown.MenuCleanupClass                                                                                :        1 samples, Peak.   160 us (1.0x), Avg.   160 us, Total. 160.5 us (0.0%)
[Performance] Application.Shutdown.ADBSaveStateBeforeShutdown                                                                      :        1 samples, Peak.  9.40 us (1.0x), Avg.  9.40 us, Total. 9.400 us (0.0%)
[Performance] Application.Shutdown.RemoteShutdown                                                                                  :        1 samples, Peak.  2.00 us (1.0x), Avg.  2.00 us, Total. 2.000 us (0.0%)
[Performance] Application.Shutdown.CleanupVCProvider                                                                               :        1 samples, Peak.  7.50 us (1.0x), Avg.  7.50 us, Total. 7.500 us (0.0%)
[Performance] Application.Shutdown.InputShutdown                                                                                   :        1 samples, Peak.   400 ns (1.0x), Avg.   400 ns, Total. 400.0 ns (0.0%)
[Performance] Application.Shutdown.GizmoManagerDestroy                                                                             :        1 samples, Peak.   643 us (1.0x), Avg.   643 us, Total. 642.5 us (0.0%)
[Performance] Application.Shutdown.ProfilerSession                                                                                 :        1 samples, Peak.   203 us (1.0x), Avg.   203 us, Total. 203.2 us (0.0%)
[Performance] Application.Shutdown.ReleaseGfxWindowOnAllGUIViews                                                                   :        1 samples, Peak.   300 ns (1.0x), Avg.   300 ns, Total. 300.0 ns (0.0%)
[Performance] Application.Shutdown.CleanupEngine                                                                                   :        1 samples, Peak.   150 ms (1.0x), Avg.   150 ms, Total. 149.6 ms (1.6%)
[Performance] Application.Shutdown.CleanupAssetDatabase                                                                            :        1 samples, Peak.  4.79 ms (1.0x), Avg.  4.79 ms, Total. 4.794 ms (0.1%)
[Performance] Application.Shutdown.ScriptCompilationCleanUp                                                                        :        1 samples, Peak.  18.2 ms (1.0x), Avg.  18.2 ms, Total. 18.19 ms (0.2%)
[Performance] Application.Shutdown.DestroyJobSystem                                                                                :        1 samples, Peak.  98.3 us (1.0x), Avg.  98.3 us, Total. 98.30 us (0.0%)
[Performance] Application.Shutdown.CleanupPersistentManager                                                                        :        1 samples, Peak.  1.03 ms (1.0x), Avg.  1.03 ms, Total. 1.028 ms (0.0%)
[Performance] Application.Shutdown.CleanupAsyncReadManager                                                                         :        1 samples, Peak.   345 us (1.0x), Avg.   345 us, Total. 344.8 us (0.0%)
[Performance] Application.Shutdown.CleanupProgressBar                                                                              :        1 samples, Peak.   300 ns (1.0x), Avg.   300 ns, Total. 300.0 ns (0.0%)
[Performance] Application.Shutdown.CleanupMono                                                                                     :        1 samples, Peak.  68.0 ms (1.0x), Avg.  68.0 ms, Total. 68.02 ms (0.7%)
[Performance] Application.Shutdown.CleanupStdConverters                                                                            :        1 samples, Peak.  7.00 us (1.0x), Avg.  7.00 us, Total. 7.000 us (0.0%)
[Performance] Application.Shutdown.UnloadAllPlatformSupportModuleNativeDlls                                                        :        1 samples, Peak.   700 ns (1.0x), Avg.   700 ns, Total. 700.0 ns (0.0%)
[Performance] Application.Shutdown.UnloadAllPlatformSupportNativeLibraries                                                         :        1 samples, Peak. 0.0 (-nan(ind)x), Avg. 0.0, Total. 0.0 (0.0%)
[Performance] Application.Shutdown.CleanupAutoDocumentation                                                                        :        1 samples, Peak.   298 us (1.0x), Avg.   298 us, Total. 297.8 us (0.0%)
[Performance] Application.Shutdown.ShaderNameManagerDestroy                                                                        :        1 samples, Peak.  43.8 us (1.0x), Avg.  43.8 us, Total. 43.80 us (0.0%)
[Performance] Application.Shutdown.CleanupCacheServer                                                                              :        1 samples, Peak. 0.0 (-nan(ind)x), Avg. 0.0, Total. 0.0 (0.0%)
[Performance] Application.Shutdown.Virtualization_Shutdown                                                                         :        1 samples, Peak.   400 ns (1.0x), Avg.   400 ns, Total. 400.0 ns (0.0%)
[Performance] Application.Shutdown.DevConnections                                                                                  :        1 samples, Peak.   161 us (1.0x), Avg.   161 us, Total. 161.3 us (0.0%)
Exiting batchmode successfully now!
Exiting without the bug reporter. Application will terminate with return code 0