[Licensing::Module] Trying to connect to existing licensing client channel...
[Licensing::IpcConnector] Successfully connected to: "LicenseClient-TU" at "2026-09-08T03:16:39.9807987Z"
[Licensing::Client] Code 1 while verifying Licensing Client signature (process Id: 29864, path: "C:/Program Files/Unity Hub/UnityLicensingClient_V1/Unity.Licensing.Client.exe")
[Licensing::Module] LicensingClient has failed validation; ignoring
[Licensing::Client] Error: HandshakeResponse reported an error:
	ResponseCode: 505
	ResponseStatus: Unsupported protocol version '1.16.2'.
[Licensing::Module] Error: Failed to handshake to channel: "LicenseClient-TU"
[Licensing::IpcConnector] LicenseClient-TU channel disconnected successfully.
[Licensing::IpcConnector] Channel LicenseClient-TU-2022.3.62 doesn't exist
[Licensing::Module] Successfully launched the LicensingClient (PId: 37496)
[Licensing::IpcConnector] Successfully connected to: "LicenseClient-TU-2022.3.62" at "2026-09-08T03:16:40.5784687Z"
[Licensing::Client] Code 10 while verifying Licensing Client signature (process Id: 37496, path: "C:/Program Files/Unity/Hub/Editor/2022.3.62f2c1/Editor/Data/Resources/Licensing/Client/Unity.Licensing.Client.exe")
[Licensing::Module] LicensingClient has failed validation; ignoring
[Licensing::Client] Handshaking with LicensingClient:
  Version:                 1.16.2+bdef8f5
  Session Id:              b693237e62d54798a36624d6021c0297
  Correlation Id:          337932cf0d8dd8ab269ff0c6159e6e7f
  External correlation Id: 7353877259155210447
  Machine Id:              azY4HWpR3RtveRA7UaiEFjOebPg=
[Licensing::Module] Successfully connected to LicensingClient on channel: "LicenseClient-TU-2022.3.62" (connect: 0.57s, validation: 0.05s, handshake: 0.03s)
[Licensing::IpcConnector] Successfully connected to: "LicenseClient-TU-2022.3.62-notifications" at "2026-09-08T03:16:40.6629291Z"
[Licensing::Module] Connected to LicensingClient (PId: 37496, launch time: 0.01, total connection time: 0.66s)
[Licensing::Module] Error: Access token is unavailable; failed to update
[Licensing::Client] Successfully updated license
Built from '2022.3/china_unity/release' branch; Version is '2022.3.62f2c1 (92e6e6be66dc) revision 9627366'; Using compiler version '192829333'; Build Type 'Release'
OS: 'Windows 11  (10.0.26200) 64bit Professional' Language: 'zh' Physical Memory: 32103 MB
[Licensing::Client] Successfully resolved entitlement details
[Licensing::Module] Serial number assigned to: "F4-BA93-484W-WE6V-GNBR-XXXX"
BatchMode: 1, IsHumanControllingUs: 0, StartBugReporterOnCrash: 0, Is64bit: 1, IsPro: 0
[Licensing::Client] Successfully resolved entitlement details

COMMAND LINE ARGUMENTS:
C:\Program Files\Unity\Hub\Editor\2022.3.62f2c1\Editor\Unity.exe
-batchmode
-quit
-projectPath
C:\Users\TU\Desktop\GooseMergeDemoProject
-executeMethod
GooseMergeDemoBuild.BuildWindows
-logFile
C:\Users\TU\Desktop\GooseMergeDemoProject\build4.log
Successfully changed project path to: C:\Users\TU\Desktop\GooseMergeDemoProject
C:/Users/TU/Desktop/GooseMergeDemoProject
[UnityMemory] Configuration Parameters - Can be set up in boot.config
    "memorysetup-bucket-allocator-granularity=16"
    "memorysetup-bucket-allocator-bucket-count=8"
    "memorysetup-bucket-allocator-block-size=33554432"
    "memorysetup-bucket-allocator-block-count=8"
    "memorysetup-main-allocator-block-size=16777216"
    "memorysetup-thread-allocator-block-size=16777216"
    "memorysetup-gfx-main-allocator-block-size=16777216"
    "memorysetup-gfx-thread-allocator-block-size=16777216"
    "memorysetup-cache-allocator-block-size=4194304"
    "memorysetup-typetree-allocator-block-size=2097152"
    "memorysetup-profiler-bucket-allocator-granularity=16"
    "memorysetup-profiler-bucket-allocator-bucket-count=8"
    "memorysetup-profiler-bucket-allocator-block-size=33554432"
    "memorysetup-profiler-bucket-allocator-block-count=8"
    "memorysetup-profiler-allocator-block-size=16777216"
    "memorysetup-profiler-editor-allocator-block-size=1048576"
    "memorysetup-temp-allocator-size-main=16777216"
    "memorysetup-job-temp-allocator-block-size=2097152"
    "memorysetup-job-temp-allocator-block-size-background=1048576"
    "memorysetup-job-temp-allocator-reduction-small-platforms=262144"
    "memorysetup-allocator-temp-initial-block-size-main=262144"
    "memorysetup-allocator-temp-initial-block-size-worker=262144"
    "memorysetup-temp-allocator-size-background-worker=32768"
    "memorysetup-temp-allocator-size-job-worker=262144"
    "memorysetup-temp-allocator-size-preload-manager=33554432"
    "memorysetup-temp-allocator-size-nav-mesh-worker=65536"
    "memorysetup-temp-allocator-size-audio-worker=65536"
    "memorysetup-temp-allocator-size-cloud-worker=32768"
    "memorysetup-temp-allocator-size-gi-baking-worker=262144"
    "memorysetup-temp-allocator-size-gfx=262144"
Player connection [11284]  Target information:

Player connection [11284]  * "[IP] 172.16.84.9 [Port] 55504 [Flags] 2 [Guid] 1397148986 [EditorId] 1397148986 [Version] 1048832 [Id] WindowsEditor(7,WINDOWS-KJQRKH1) [Debug] 1 [PackageName] WindowsEditor [ProjectName] Editor" 

Player connection [11284] Host joined multi-casting on [225.0.0.222:54997]...
Player connection [11284] Host joined alternative multi-casting on [225.0.0.222:34997]...
Input System module state changed to: Initialized.
[PhysX] Initialized MultithreadedTaskDispatcher with 14 workers.
[Package Manager] UpmClient::Connect -- Connected to IPC stream "Upm-38760" after 0.2 seconds.
[Package Manager] Restoring resolved packages state from cache
[Licensing::Client] Successfully resolved entitlement details
[Package Manager] Registered 50 packages:
  Packages from [https://packages.unity.cn]:
    com.unity.cinemachine@2.9.7 (location: C:\Users\TU\Desktop\GooseMergeDemoProject\Library\PackageCache\com.unity.cinemachine@2.9.7)
    com.unity.ide.rider@3.0.28 (location: C:\Users\TU\Desktop\GooseMergeDemoProject\Library\PackageCache\com.unity.ide.rider@3.0.28)
    com.unity.ide.visualstudio@2.0.22 (location: C:\Users\TU\Desktop\GooseMergeDemoProject\Library\PackageCache\com.unity.ide.visualstudio@2.0.22)
    com.unity.ide.vscode@1.2.5 (location: C:\Users\TU\Desktop\GooseMergeDemoProject\Library\PackageCache\com.unity.ide.vscode@1.2.5)
    com.unity.memoryprofiler@1.1.12 (location: C:\Users\TU\Desktop\GooseMergeDemoProject\Library\PackageCache\com.unity.memoryprofiler@1.1.12)
    com.unity.mobile.android-logcat@1.4.4 (location: C:\Users\TU\Desktop\GooseMergeDemoProject\Library\PackageCache\com.unity.mobile.android-logcat@1.4.4)
    com.unity.nuget.newtonsoft-json@3.2.2 (location: C:\Users\TU\Desktop\GooseMergeDemoProject\Library\PackageCache\com.unity.nuget.newtonsoft-json@3.2.2)
    com.unity.scriptablebuildpipeline@1.21.21 (location: C:\Users\TU\Desktop\GooseMergeDemoProject\Library\PackageCache\com.unity.scriptablebuildpipeline@1.21.21)
    com.unity.textmeshpro@3.0.9 (location: C:\Users\TU\Desktop\GooseMergeDemoProject\Library\PackageCache\com.unity.textmeshpro@3.0.9)
    com.unity.timeline@1.7.6 (location: C:\Users\TU\Desktop\GooseMergeDemoProject\Library\PackageCache\com.unity.timeline@1.7.6)
    com.unity.toolchain.win-x86_64-linux-x86_64@2.0.9 (location: C:\Users\TU\Desktop\GooseMergeDemoProject\Library\PackageCache\com.unity.toolchain.win-x86_64-linux-x86_64@2.0.9)
    com.unity.sysroot@2.0.10 (location: C:\Users\TU\Desktop\GooseMergeDemoProject\Library\PackageCache\com.unity.sysroot@2.0.10)
    com.unity.sysroot.linux-x86_64@2.0.9 (location: C:\Users\TU\Desktop\GooseMergeDemoProject\Library\PackageCache\com.unity.sysroot.linux-x86_64@2.0.9)
    com.unity.burst@1.8.21 (location: C:\Users\TU\Desktop\GooseMergeDemoProject\Library\PackageCache\com.unity.burst@1.8.21)
    com.unity.collections@1.2.4 (location: C:\Users\TU\Desktop\GooseMergeDemoProject\Library\PackageCache\com.unity.collections@1.2.4)
    com.unity.mathematics@1.2.6 (location: C:\Users\TU\Desktop\GooseMergeDemoProject\Library\PackageCache\com.unity.mathematics@1.2.6)
    com.unity.profiling.core@1.0.2 (location: C:\Users\TU\Desktop\GooseMergeDemoProject\Library\PackageCache\com.unity.profiling.core@1.0.2)
    com.unity.editorcoroutines@1.0.0 (location: C:\Users\TU\Desktop\GooseMergeDemoProject\Library\PackageCache\com.unity.editorcoroutines@1.0.0)
    com.unity.test-framework@1.1.33 (location: C:\Users\TU\Desktop\GooseMergeDemoProject\Library\PackageCache\com.unity.test-framework@1.1.33)
    com.unity.ext.nunit@1.0.6 (location: C:\Users\TU\Desktop\GooseMergeDemoProject\Library\PackageCache\com.unity.ext.nunit@1.0.6)
  Built-in packages:
    com.unity.2d.sprite@1.0.0 (location: C:\Users\TU\Desktop\GooseMergeDemoProject\Library\PackageCache\com.unity.2d.sprite@1.0.0)
    com.unity.ugui@1.0.0 (location: C:\Users\TU\Desktop\GooseMergeDemoProject\Library\PackageCache\com.unity.ugui@1.0.0)
    com.unity.modules.androidjni@1.0.0 (location: C:\Users\TU\Desktop\GooseMergeDemoProject\Library\PackageCache\com.unity.modules.androidjni@1.0.0)
    com.unity.modules.animation@1.0.0 (location: C:\Users\TU\Desktop\GooseMergeDemoProject\Library\PackageCache\com.unity.modules.animation@1.0.0)
    com.unity.modules.assetbundle@1.0.0 (location: C:\Users\TU\Desktop\GooseMergeDemoProject\Library\PackageCache\com.unity.modules.assetbundle@1.0.0)
    com.unity.modules.audio@1.0.0 (location: C:\Users\TU\Desktop\GooseMergeDemoProject\Library\PackageCache\com.unity.modules.audio@1.0.0)
    com.unity.modules.director@1.0.0 (location: C:\Users\TU\Desktop\GooseMergeDemoProject\Library\PackageCache\com.unity.modules.director@1.0.0)
    com.unity.modules.imgui@1.0.0 (location: C:\Users\TU\Desktop\GooseMergeDemoProject\Library\PackageCache\com.unity.modules.imgui@1.0.0)
    com.unity.modules.jsonserialize@1.0.0 (location: C:\Users\TU\Desktop\GooseMergeDemoProject\Library\PackageCache\com.unity.modules.jsonserialize@1.0.0)
    com.unity.modules.particlesystem@1.0.0 (location: C:\Users\TU\Desktop\GooseMergeDemoProject\Library\PackageCache\com.unity.modules.particlesystem@1.0.0)
    com.unity.modules.physics@1.0.0 (location: C:\Users\TU\Desktop\GooseMergeDemoProject\Library\PackageCache\com.unity.modules.physics@1.0.0)
    com.unity.modules.physics2d@1.0.0 (location: C:\Users\TU\Desktop\GooseMergeDemoProject\Library\PackageCache\com.unity.modules.physics2d@1.0.0)
    com.unity.modules.screencapture@1.0.0 (location: C:\Users\TU\Desktop\GooseMergeDemoProject\Library\PackageCache\com.unity.modules.screencapture@1.0.0)
    com.unity.modules.terrain@1.0.0 (location: C:\Users\TU\Desktop\GooseMergeDemoProject\Library\PackageCache\com.unity.modules.terrain@1.0.0)
    com.unity.modules.terrainphysics@1.0.0 (location: C:\Users\TU\Desktop\GooseMergeDemoProject\Library\PackageCache\com.unity.modules.terrainphysics@1.0.0)
    com.unity.modules.tilemap@1.0.0 (location: C:\Users\TU\Desktop\GooseMergeDemoProject\Library\PackageCache\com.unity.modules.tilemap@1.0.0)
    com.unity.modules.ui@1.0.0 (location: C:\Users\TU\Desktop\GooseMergeDemoProject\Library\PackageCache\com.unity.modules.ui@1.0.0)
    com.unity.modules.uielements@1.0.0 (location: C:\Users\TU\Desktop\GooseMergeDemoProject\Library\PackageCache\com.unity.modules.uielements@1.0.0)
    com.unity.modules.umbra@1.0.0 (location: C:\Users\TU\Desktop\GooseMergeDemoProject\Library\PackageCache\com.unity.modules.umbra@1.0.0)
    com.unity.modules.unitywebrequest@1.0.0 (location: C:\Users\TU\Desktop\GooseMergeDemoProject\Library\PackageCache\com.unity.modules.unitywebrequest@1.0.0)
    com.unity.modules.unitywebrequestassetbundle@1.0.0 (location: C:\Users\TU\Desktop\GooseMergeDemoProject\Library\PackageCache\com.unity.modules.unitywebrequestassetbundle@1.0.0)
    com.unity.modules.unitywebrequestaudio@1.0.0 (location: C:\Users\TU\Desktop\GooseMergeDemoProject\Library\PackageCache\com.unity.modules.unitywebrequestaudio@1.0.0)
    com.unity.modules.unitywebrequesttexture@1.0.0 (location: C:\Users\TU\Desktop\GooseMergeDemoProject\Library\PackageCache\com.unity.modules.unitywebrequesttexture@1.0.0)
    com.unity.modules.unitywebrequestwww@1.0.0 (location: C:\Users\TU\Desktop\GooseMergeDemoProject\Library\PackageCache\com.unity.modules.unitywebrequestwww@1.0.0)
    com.unity.modules.vehicles@1.0.0 (location: C:\Users\TU\Desktop\GooseMergeDemoProject\Library\PackageCache\com.unity.modules.vehicles@1.0.0)
    com.unity.modules.video@1.0.0 (location: C:\Users\TU\Desktop\GooseMergeDemoProject\Library\PackageCache\com.unity.modules.video@1.0.0)
    com.unity.modules.imageconversion@1.0.0 (location: C:\Users\TU\Desktop\GooseMergeDemoProject\Library\PackageCache\com.unity.modules.imageconversion@1.0.0)
  Git packages:
    com.adamgryu.inspectorhistory@https://github.com/adamgryu/InspectorHistory-Unity.git (location: C:\Users\TU\Desktop\GooseMergeDemoProject\Library\PackageCache\com.adamgryu.inspectorhistory@9bf6147820)
    com.code-philosophy.hybridclr@https://gitee.com/focus-creative-games/hybridclr_unity.git (location: C:\Users\TU\Desktop\GooseMergeDemoProject\Library\PackageCache\com.code-philosophy.hybridclr@7a0032934b)
    com.coplaydev.unity-mcp@https://github.com/CoplayDev/unity-mcp.git?path=/MCPForUnity#main (location: C:\Users\TU\Desktop\GooseMergeDemoProject\Library\PackageCache\com.coplaydev.unity-mcp@78ee541841)
[Subsystems] No new subsystems found in resolved package list.
Package Manager log level set to [2]
[Package Manager] Done registering packages in 0.07 seconds
Refreshing native plugins compatible for Editor in 6.63 ms, found 0 plugins.
Preloading 0 native plugins for Editor in 0.00 ms.
Initialize engine version: 2022.3.62f2c1 (92e6e6be66dc)
[Subsystems] Discovering subsystems at path C:/Program Files/Unity/Hub/Editor/2022.3.62f2c1/Editor/Data/Resources/UnitySubsystems
[Subsystems] Discovering subsystems at path C:/Users/TU/Desktop/GooseMergeDemoProject/Assets
GfxDevice: creating device client; threaded=0; jobified=0
Direct3D:
    Version:  Direct3D 11.0 [level 11.1]
    Renderer: NVIDIA GeForce RTX 5060 (ID=0x2d05)
    Vendor:   NVIDIA
    VRAM:     7895 MB
    Driver:   32.0.16.1088
[Licensing::Client] Successfully resolved entitlement details
Initialize mono
Mono path[0] = 'C:/Program Files/Unity/Hub/Editor/2022.3.62f2c1/Editor/Data/Managed'
Mono path[1] = 'C:/Program Files/Unity/Hub/Editor/2022.3.62f2c1/Editor/Data/MonoBleedingEdge/lib/mono/unityjit-win32'
Mono config path = 'C:/Program Files/Unity/Hub/Editor/2022.3.62f2c1/Editor/Data/MonoBleedingEdge/etc'
Using monoOptions --debugger-agent=transport=dt_socket,embedding=1,server=y,suspend=n,address=127.0.0.1:56760
Using cacheserver namespaces - metadata:defaultmetadata, artifacts:defaultartifacts
Using cacheserver namespaces - metadata:defaultmetadata, artifacts:defaultartifacts
ImportWorker Server TCP listen port: 0
Begin MonoManager ReloadAssembly
Registering precompiled unity dll's ...
Register platform support module: C:/Program Files/Unity/Hub/Editor/2022.3.62f2c1/Editor/Data/PlaybackEngines/WindowsStandaloneSupport/UnityEditor.WindowsStandalone.Extensions.dll
Registered in 0.009876 seconds.
- Loaded All Assemblies, in  0.249 seconds
Native extension for WindowsStandalone target not found
Mono: successfully reloaded assembly
- Finished resetting the current domain, in  0.168 seconds
Domain Reload Profiling: 415ms
	BeginReloadAssembly (78ms)
		ExecutionOrderSort (0ms)
		DisableScriptedObjects (0ms)
		BackupInstance (0ms)
		ReleaseScriptingObjects (0ms)
		CreateAndSetChildDomain (1ms)
	RebuildCommonClasses (22ms)
	RebuildNativeTypeToScriptingClass (6ms)
	initialDomainReloadingComplete (49ms)
	LoadAllAssembliesAndSetupDomain (91ms)
		LoadAssemblies (76ms)
		RebuildTransferFunctionScriptingTraits (0ms)
		AnalyzeDomain (90ms)
			TypeCache.Refresh (89ms)
				TypeCache.ScanAssembly (78ms)
			ScanForSourceGeneratedMonoScriptInfo (0ms)
			ResolveRequiredComponents (0ms)
	FinalizeReload (169ms)
		ReleaseScriptCaches (0ms)
		RebuildScriptCaches (0ms)
		SetupLoadedEditorAssemblies (139ms)
			LogAssemblyErrors (0ms)
			InitializePlatformSupportModulesInManaged (9ms)
			SetLoadedEditorAssemblies (6ms)
			RefreshPlugins (0ms)
			BeforeProcessingInitializeOnLoad (1ms)
			ProcessInitializeOnLoadAttributes (91ms)
			ProcessInitializeOnLoadMethodAttributes (32ms)
			AfterProcessingInitializeOnLoad (0ms)
			EditorAssembliesLoaded (0ms)
		ExecutionOrderSort2 (0ms)
		AwakeInstancesAfterBackupRestoration (0ms)
[Licensing::Client] Successfully resolved entitlement details
Application.AssetDatabase Initial Refresh Start
Starting: C:\Program Files\Unity\Hub\Editor\2022.3.62f2c1\Editor\Data\bee_backend.exe --ipc --defer-dag-verification --dagfile="Library/Bee/1900b0aE.dag" --continue-on-failure --profile="Library/Bee/backend1.traceevents" ScriptAssemblies
WorkingDir: C:/Users/TU/Desktop/GooseMergeDemoProject
DisplayProgressbar: Compiling Scripts
ExitCode: 0 Duration: 0s236ms
[409/512    0s] ILPP-Configuration Library/ilpp-configuration.nevergeneratedoutput
*** Tundra build success (0.20 seconds), 1 items updated, 512 evaluated
AssetDatabase: script compilation time: 0.651417s
Begin MonoManager ReloadAssembly
- Loaded All Assemblies, in  0.417 seconds
Refreshing native plugins compatible for Editor in 3.79 ms, found 0 plugins.
Preloading 0 native plugins for Editor in 0.00 ms.
Start importing ProjectSettings/ProjectSettings.asset using Guid(00000000000000004000000000000000) Importer(-1,00000000000000000000000000000000) [PhysX] Initialized MultithreadedTaskDispatcher with 14 workers.
 -> (artifact id: '80e9e95d5509978ae5314e8e75ec7b0c') in 0.011647 seconds
Refreshing native plugins compatible for Editor in 3.59 ms, found 0 plugins.
Native extension for WindowsStandalone target not found
Mono: successfully reloaded assembly
- Finished resetting the current domain, in  2.105 seconds
Domain Reload Profiling: 2516ms
	BeginReloadAssembly (108ms)
		ExecutionOrderSort (0ms)
		DisableScriptedObjects (3ms)
		BackupInstance (0ms)
		ReleaseScriptingObjects (0ms)
		CreateAndSetChildDomain (19ms)
	RebuildCommonClasses (22ms)
	RebuildNativeTypeToScriptingClass (5ms)
	initialDomainReloadingComplete (29ms)
	LoadAllAssembliesAndSetupDomain (246ms)
		LoadAssemblies (240ms)
		RebuildTransferFunctionScriptingTraits (0ms)
		AnalyzeDomain (72ms)
			TypeCache.Refresh (59ms)
				TypeCache.ScanAssembly (49ms)
			ScanForSourceGeneratedMonoScriptInfo (9ms)
			ResolveRequiredComponents (2ms)
	FinalizeReload (2105ms)
		ReleaseScriptCaches (0ms)
		RebuildScriptCaches (0ms)
		SetupLoadedEditorAssemblies (2033ms)
			LogAssemblyErrors (0ms)
			InitializePlatformSupportModulesInManaged (6ms)
			SetLoadedEditorAssemblies (3ms)
			RefreshPlugins (0ms)
			BeforeProcessingInitializeOnLoad (54ms)
			ProcessInitializeOnLoadAttributes (1924ms)
			ProcessInitializeOnLoadMethodAttributes (33ms)
			AfterProcessingInitializeOnLoad (11ms)
			EditorAssembliesLoaded (0ms)
		ExecutionOrderSort2 (0ms)
		AwakeInstancesAfterBackupRestoration (6ms)
Launched and connected shader compiler UnityShaderCompiler.exe after 0.05 seconds
Refreshing native plugins compatible for Editor in 3.39 ms, found 0 plugins.
Preloading 0 native plugins for Editor in 0.00 ms.
Asset Pipeline Refresh (id=3bf69231b54cf5b479ab01f1a9c82c7f): Total: 4.066 seconds - Initiated by InitialRefreshV2(ForceSynchronousImport)
	Summary:
		Imports: total=1 (actual=1, local cache=0, cache server=0)
		Asset DB Process Time: managed=1 ms, native=650 ms
		Asset DB Callback time: managed=59 ms, native=87 ms
		Scripting: domain reloads=1, domain reload time=2579 ms, compile time=653 ms, other=32 ms
		Project Asset Count: scripts=3076, non-scripts=591
		Asset File Changes: new=0, changed=1, moved=0, deleted=0
		Scan Filter Count: 0
	InvokeBeforeRefreshCallbacks: 1.239ms
	ApplyChangesToAssetFolders: 0.093ms
	Scan: 76.766ms
	OnSourceAssetsModified: 1.718ms
	GetAllGuidsForCategorization: 0.583ms
	CategorizeAssets: 43.112ms
	ImportOutOfDateAssets: 2144.472ms (1463.836ms without children)
		ImportManagerImport: 15.487ms (3.595ms without children)
			ImportInProcess: 11.876ms
			UpdateCategorizedAssets: 0.016ms
		CompileScripts: 652.786ms
		ReloadNativeAssets: 0.001ms
		UnloadImportedAssets: 9.686ms
		EnsureUptoDateAssetsAreRegisteredWithGuidPM: 1.194ms
		InitializingProgressBar: 0.001ms
		PostProcessAllAssetNotificationsAddChangedAssets: 0.001ms
		OnDemandSchedulerStart: 1.480ms
	PostProcessAllAssets: 159.451ms
	Hotreload: 3.718ms
	GatherAllCurrentPrimaryArtifactRevisions: 0.249ms
	UnloadStreamsBegin: 0.234ms
	PersistCurrentRevisions: 0.264ms
	UnloadStreamsEnd: 0.039ms
	GenerateScriptTypeHashes: 0.285ms
	Untracked: 1634.254ms
Application.AssetDatabase Initial Refresh End
Scanning for USB devices : 5.979ms
Initializing Unity extensions:
[Licensing::Client] Successfully resolved entitlement details
[MODES] ModeService[none].Initialize
[MODES] ModeService[none].LoadModes
[MODES] Loading mode Default (0) for mode-current-id-TheWar
[PhysX] Initialized MultithreadedTaskDispatcher with 14 workers.
ProgressiveSceneManager::Cancel()
Unloading 5 Unused Serialized files (Serialized files now loaded: 0)
Unloading 67 unused Assets / (0.5 MB). Loaded Objects now: 2990.
Memory consumption went from 107.0 MB to 106.5 MB.
Total: 3.293100 ms (FindLiveObjects: 0.151000 ms CreateObjectMapping: 0.050000 ms MarkObjects: 2.839800 ms  DeleteObjects: 0.251800 ms)

[BashUtil] RemoveDir dir:HybridCLRData/AssembliesPostIl2CppStrip/StandaloneWindows64
0x00007ff7482effdd (Unity) StackWalker::GetCurrentCallstack
0x00007ff7482f50b9 (Unity) StackWalker::ShowCallstack
0x00007ff7492b3f71 (Unity) GetStacktrace
0x00007ff749966cfe (Unity) DebugStringToFile
0x00007ff74731772a (Unity) DebugLogHandler_CUSTOM_Internal_Log
0x00000242720ddaf3 (Mono JIT Code) (wrapper managed-to-native) UnityEngine.DebugLogHandler:Internal_Log (UnityEngine.LogType,UnityEngine.LogOption,string,UnityEngine.Object)
0x00000242720dda0b (Mono JIT Code) UnityEngine.DebugLogHandler:LogFormat (UnityEngine.LogType,UnityEngine.Object,string,object[])
0x00000242720dd750 (Mono JIT Code) UnityEngine.Logger:Log (UnityEngine.LogType,object)
0x00000242720dd618 (Mono JIT Code) UnityEngine.Debug:Log (object)
0x00000242720dd273 (Mono JIT Code) HybridCLR.Editor.Installer.BashUtil:RemoveDir (string,bool) (at ./Library/PackageCache/com.code-philosophy.hybridclr@7a0032934b/Editor/Installer/BashUtil.cs:68)
0x00000242720dd1a3 (Mono JIT Code) HybridCLR.Editor.Installer.BashUtil:RecreateDir (string) (at ./Library/PackageCache/com.code-philosophy.hybridclr@7a0032934b/Editor/Installer/BashUtil.cs:103)
0x00000242720dc70b (Mono JIT Code) HybridCLR.Editor.BuildProcessors.CopyStrippedAOTAssemblies:OnPreprocessBuild (UnityEditor.Build.Reporting.BuildReport) (at ./Library/PackageCache/com.code-philosophy.hybridclr@7a0032934b/Editor/BuildProcessors/CopyStrippedAOTAssemblies.cs:132)
0x00000242720d8bfd (Mono JIT Code) UnityEditor.Build.BuildPipelineInterfaces/<>c__DisplayClass16_0:<OnBuildPreProcess>b__1 (UnityEditor.Build.IPreprocessBuildWithReport)
0x00000242720d885e (Mono JIT Code) UnityEditor.Build.BuildPipelineInterfaces:InvokeCallbackInterfacesPair<T1_REF, T2_REF> (System.Collections.Generic.List`1<T1_REF>,System.Action`1<T1_REF>,System.Collections.Generic.List`1<T2_REF>,System.Action`1<T2_REF>,bool)
0x00000242720d7eb3 (Mono JIT Code) UnityEditor.Build.BuildPipelineInterfaces:OnBuildPreProcess (UnityEditor.Build.Reporting.BuildReport)
0x00000241c54f94d8 (Mono JIT Code) (wrapper runtime-invoke) <Module>:runtime_invoke_void_object (object,intptr,intptr,intptr)
0x00007ffc84454b7e (mono-2.0-bdwgc) mono_jit_runtime_invoke (at C:/build/output/Unity-Technologies/mono/mono/mini/mini-runtime.c:3445)
0x00007ffc8438d204 (mono-2.0-bdwgc) do_runtime_invoke (at C:/build/output/Unity-Technologies/mono/mono/metadata/object.c:3068)
0x00007ffc8438d37c (mono-2.0-bdwgc) mono_runtime_invoke (at C:/build/output/Unity-Technologies/mono/mono/metadata/object.c:3115)
0x00007ff748208584 (Unity) scripting_method_invoke
0x00007ff7481e4eb4 (Unity) ScriptingInvocation::Invoke
0x00007ff7481dff05 (Unity) ScriptingInvocation::Invoke<void>
0x00007ff748330b23 (Unity) Scripting::UnityEditor::Build::BuildPipelineInterfacesProxy::OnBuildPreProcess
0x00007ff749cceb8c (Unity) BuildPlayer
0x00007ff747a76e43 (Unity) BuildPipeline::BuildPlayerInternalNoCheck
0x00007ff74790750c (Unity) BuildPipeline_CUSTOM_BuildPlayerInternalNoCheck
0x0000024272072817 (Mono JIT Code) (wrapper managed-to-native) UnityEditor.BuildPipeline:BuildPlayerInternalNoCheck (string[],string,string,UnityEditor.BuildTargetGroup,UnityEditor.BuildTarget,int,UnityEditor.BuildOptions,string[],bool)
0x0000024272071673 (Mono JIT Code) UnityEditor.BuildPipeline:BuildPlayerInternal (string[],string,string,UnityEditor.BuildTargetGroup,UnityEditor.BuildTarget,int,UnityEditor.BuildOptions,string[])
0x0000024272070cbb (Mono JIT Code) UnityEditor.BuildPipeline:BuildPlayer (string[],string,string,UnityEditor.BuildTargetGroup,UnityEditor.BuildTarget,int,UnityEditor.BuildOptions,string[])
0x000002427207092b (Mono JIT Code) UnityEditor.BuildPipeline:BuildPlayer (UnityEditor.BuildPlayerOptions)
0x000002423003f773 (Mono JIT Code) GooseMergeDemoBuild:BuildWindows () (at C:/Users/TU/Desktop/GooseMergeDemoProject/Assets/Editor/GooseMergeDemoBuild.cs:27)
0x000002423003f955 (Mono JIT Code) (wrapper runtime-invoke) object:runtime_invoke_void (object,intptr,intptr,intptr)
0x00007ffc84454b7e (mono-2.0-bdwgc) mono_jit_runtime_invoke (at C:/build/output/Unity-Technologies/mono/mono/mini/mini-runtime.c:3445)
0x00007ffc8438d204 (mono-2.0-bdwgc) do_runtime_invoke (at C:/build/output/Unity-Technologies/mono/mono/metadata/object.c:3068)
0x00007ffc8438d37c (mono-2.0-bdwgc) mono_runtime_invoke (at C:/build/output/Unity-Technologies/mono/mono/metadata/object.c:3115)
0x00007ff748208584 (Unity) scripting_method_invoke
0x00007ff7481e4eb4 (Unity) ScriptingInvocation::Invoke
0x00007ff748e485d3 (Unity) Application::ParseARGVCommands
0x00007ff748e3de23 (Unity) Application::FinishLoadingProject
0x00007ff7492bec59 (Unity) WinMain
0x00007ff74a6821fe (Unity) __scrt_common_main_seh
0x00007ffd8587ccb7 (KERNEL32) BaseThreadInitThunk
0x00007ffd8626ad6c (ntdll) RtlUserThreadStart

[CheckSettings] UNITY_IL2CPP_PATH old value:''， new value:'C:\Users\TU\Desktop\GooseMergeDemoProject/HybridCLRData/LocalIl2CppData-WindowsEditor/il2cpp'
0x00007ff7482effdd (Unity) StackWalker::GetCurrentCallstack
0x00007ff7482f50b9 (Unity) StackWalker::ShowCallstack
0x00007ff7492b3f71 (Unity) GetStacktrace
0x00007ff749966cfe (Unity) DebugStringToFile
0x00007ff74731772a (Unity) DebugLogHandler_CUSTOM_Internal_Log
0x00000242720ddaf3 (Mono JIT Code) (wrapper managed-to-native) UnityEngine.DebugLogHandler:Internal_Log (UnityEngine.LogType,UnityEngine.LogOption,string,UnityEngine.Object)
0x00000242720dda0b (Mono JIT Code) UnityEngine.DebugLogHandler:LogFormat (UnityEngine.LogType,UnityEngine.Object,string,object[])
0x00000242720dd750 (Mono JIT Code) UnityEngine.Logger:Log (UnityEngine.LogType,object)
0x00000242720dd618 (Mono JIT Code) UnityEngine.Debug:Log (object)
0x0000024275b20feb (Mono JIT Code) HybridCLR.Editor.BuildProcessors.CheckSettings:OnPreprocessBuild (UnityEditor.Build.Reporting.BuildReport) (at ./Library/PackageCache/com.code-philosophy.hybridclr@7a0032934b/Editor/BuildProcessors/CheckSettings.cs:44)
0x00000242720d8bfd (Mono JIT Code) UnityEditor.Build.BuildPipelineInterfaces/<>c__DisplayClass16_0:<OnBuildPreProcess>b__1 (UnityEditor.Build.IPreprocessBuildWithReport)
0x00000242720d885e (Mono JIT Code) UnityEditor.Build.BuildPipelineInterfaces:InvokeCallbackInterfacesPair<T1_REF, T2_REF> (System.Collections.Generic.List`1<T1_REF>,System.Action`1<T1_REF>,System.Collections.Generic.List`1<T2_REF>,System.Action`1<T2_REF>,bool)
0x00000242720d7eb3 (Mono JIT Code) UnityEditor.Build.BuildPipelineInterfaces:OnBuildPreProcess (UnityEditor.Build.Reporting.BuildReport)
0x00000241c54f94d8 (Mono JIT Code) (wrapper runtime-invoke) <Module>:runtime_invoke_void_object (object,intptr,intptr,intptr)
0x00007ffc84454b7e (mono-2.0-bdwgc) mono_jit_runtime_invoke (at C:/build/output/Unity-Technologies/mono/mono/mini/mini-runtime.c:3445)
0x00007ffc8438d204 (mono-2.0-bdwgc) do_runtime_invoke (at C:/build/output/Unity-Technologies/mono/mono/metadata/object.c:3068)
0x00007ffc8438d37c (mono-2.0-bdwgc) mono_runtime_invoke (at C:/build/output/Unity-Technologies/mono/mono/metadata/object.c:3115)
0x00007ff748208584 (Unity) scripting_method_invoke
0x00007ff7481e4eb4 (Unity) ScriptingInvocation::Invoke
0x00007ff7481dff05 (Unity) ScriptingInvocation::Invoke<void>
0x00007ff748330b23 (Unity) Scripting::UnityEditor::Build::BuildPipelineInterfacesProxy::OnBuildPreProcess
0x00007ff749cceb8c (Unity) BuildPlayer
0x00007ff747a76e43 (Unity) BuildPipeline::BuildPlayerInternalNoCheck
0x00007ff74790750c (Unity) BuildPipeline_CUSTOM_BuildPlayerInternalNoCheck
0x0000024272072817 (Mono JIT Code) (wrapper managed-to-native) UnityEditor.BuildPipeline:BuildPlayerInternalNoCheck (string[],string,string,UnityEditor.BuildTargetGroup,UnityEditor.BuildTarget,int,UnityEditor.BuildOptions,string[],bool)
0x0000024272071673 (Mono JIT Code) UnityEditor.BuildPipeline:BuildPlayerInternal (string[],string,string,UnityEditor.BuildTargetGroup,UnityEditor.BuildTarget,int,UnityEditor.BuildOptions,string[])
0x0000024272070cbb (Mono JIT Code) UnityEditor.BuildPipeline:BuildPlayer (string[],string,string,UnityEditor.BuildTargetGroup,UnityEditor.BuildTarget,int,UnityEditor.BuildOptions,string[])
0x000002427207092b (Mono JIT Code) UnityEditor.BuildPipeline:BuildPlayer (UnityEditor.BuildPlayerOptions)
0x000002423003f773 (Mono JIT Code) GooseMergeDemoBuild:BuildWindows () (at C:/Users/TU/Desktop/GooseMergeDemoProject/Assets/Editor/GooseMergeDemoBuild.cs:27)
0x000002423003f955 (Mono JIT Code) (wrapper runtime-invoke) object:runtime_invoke_void (object,intptr,intptr,intptr)
0x00007ffc84454b7e (mono-2.0-bdwgc) mono_jit_runtime_invoke (at C:/build/output/Unity-Technologies/mono/mono/mini/mini-runtime.c:3445)
0x00007ffc8438d204 (mono-2.0-bdwgc) do_runtime_invoke (at C:/build/output/Unity-Technologies/mono/mono/metadata/object.c:3068)
0x00007ffc8438d37c (mono-2.0-bdwgc) mono_runtime_invoke (at C:/build/output/Unity-Technologies/mono/mono/metadata/object.c:3115)
0x00007ff748208584 (Unity) scripting_method_invoke
0x00007ff7481e4eb4 (Unity) ScriptingInvocation::Invoke
0x00007ff748e485d3 (Unity) Application::ParseARGVCommands
0x00007ff748e3de23 (Unity) Application::FinishLoadingProject
0x00007ff7492bec59 (Unity) WinMain
0x00007ff74a6821fe (Unity) __scrt_common_main_seh
0x00007ffd8587ccb7 (KERNEL32) BaseThreadInitThunk
0x00007ffd8626ad6c (ntdll) RtlUserThreadStart

[CheckSettings] current ScriptingBackend:Mono2x，have been switched to:IL2CPP automatically
0x00007ff7482effdd (Unity) StackWalker::GetCurrentCallstack
0x00007ff7482f50b9 (Unity) StackWalker::ShowCallstack
0x00007ff7492b3f71 (Unity) GetStacktrace
0x00007ff749966cfe (Unity) DebugStringToFile
0x00007ff74731772a (Unity) DebugLogHandler_CUSTOM_Internal_Log
0x00000242720ddaf3 (Mono JIT Code) (wrapper managed-to-native) UnityEngine.DebugLogHandler:Internal_Log (UnityEngine.LogType,UnityEngine.LogOption,string,UnityEngine.Object)
0x00000242720dda0b (Mono JIT Code) UnityEngine.DebugLogHandler:LogFormat (UnityEngine.LogType,UnityEngine.Object,string,object[])
0x00000242720dd750 (Mono JIT Code) UnityEngine.Logger:Log (UnityEngine.LogType,object)
0x0000024275b22555 (Mono JIT Code) UnityEngine.Debug:LogError (object)
0x0000024275b210cb (Mono JIT Code) HybridCLR.Editor.BuildProcessors.CheckSettings:OnPreprocessBuild (UnityEditor.Build.Reporting.BuildReport) (at ./Library/PackageCache/com.code-philosophy.hybridclr@7a0032934b/Editor/BuildProcessors/CheckSettings.cs:54)
0x00000242720d8bfd (Mono JIT Code) UnityEditor.Build.BuildPipelineInterfaces/<>c__DisplayClass16_0:<OnBuildPreProcess>b__1 (UnityEditor.Build.IPreprocessBuildWithReport)
0x00000242720d885e (Mono JIT Code) UnityEditor.Build.BuildPipelineInterfaces:InvokeCallbackInterfacesPair<T1_REF, T2_REF> (System.Collections.Generic.List`1<T1_REF>,System.Action`1<T1_REF>,System.Collections.Generic.List`1<T2_REF>,System.Action`1<T2_REF>,bool)
0x00000242720d7eb3 (Mono JIT Code) UnityEditor.Build.BuildPipelineInterfaces:OnBuildPreProcess (UnityEditor.Build.Reporting.BuildReport)
0x00000241c54f94d8 (Mono JIT Code) (wrapper runtime-invoke) <Module>:runtime_invoke_void_object (object,intptr,intptr,intptr)
0x00007ffc84454b7e (mono-2.0-bdwgc) mono_jit_runtime_invoke (at C:/build/output/Unity-Technologies/mono/mono/mini/mini-runtime.c:3445)
0x00007ffc8438d204 (mono-2.0-bdwgc) do_runtime_invoke (at C:/build/output/Unity-Technologies/mono/mono/metadata/object.c:3068)
0x00007ffc8438d37c (mono-2.0-bdwgc) mono_runtime_invoke (at C:/build/output/Unity-Technologies/mono/mono/metadata/object.c:3115)
0x00007ff748208584 (Unity) scripting_method_invoke
0x00007ff7481e4eb4 (Unity) ScriptingInvocation::Invoke
0x00007ff7481dff05 (Unity) ScriptingInvocation::Invoke<void>
0x00007ff748330b23 (Unity) Scripting::UnityEditor::Build::BuildPipelineInterfacesProxy::OnBuildPreProcess
0x00007ff749cceb8c (Unity) BuildPlayer
0x00007ff747a76e43 (Unity) BuildPipeline::BuildPlayerInternalNoCheck
0x00007ff74790750c (Unity) BuildPipeline_CUSTOM_BuildPlayerInternalNoCheck
0x0000024272072817 (Mono JIT Code) (wrapper managed-to-native) UnityEditor.BuildPipeline:BuildPlayerInternalNoCheck (string[],string,string,UnityEditor.BuildTargetGroup,UnityEditor.BuildTarget,int,UnityEditor.BuildOptions,string[],bool)
0x0000024272071673 (Mono JIT Code) UnityEditor.BuildPipeline:BuildPlayerInternal (string[],string,string,UnityEditor.BuildTargetGroup,UnityEditor.BuildTarget,int,UnityEditor.BuildOptions,string[])
0x0000024272070cbb (Mono JIT Code) UnityEditor.BuildPipeline:BuildPlayer (string[],string,string,UnityEditor.BuildTargetGroup,UnityEditor.BuildTarget,int,UnityEditor.BuildOptions,string[])
0x000002427207092b (Mono JIT Code) UnityEditor.BuildPipeline:BuildPlayer (UnityEditor.BuildPlayerOptions)
0x000002423003f773 (Mono JIT Code) GooseMergeDemoBuild:BuildWindows () (at C:/Users/TU/Desktop/GooseMergeDemoProject/Assets/Editor/GooseMergeDemoBuild.cs:27)
0x000002423003f955 (Mono JIT Code) (wrapper runtime-invoke) object:runtime_invoke_void (object,intptr,intptr,intptr)
0x00007ffc84454b7e (mono-2.0-bdwgc) mono_jit_runtime_invoke (at C:/build/output/Unity-Technologies/mono/mono/mini/mini-runtime.c:3445)
0x00007ffc8438d204 (mono-2.0-bdwgc) do_runtime_invoke (at C:/build/output/Unity-Technologies/mono/mono/metadata/object.c:3068)
0x00007ffc8438d37c (mono-2.0-bdwgc) mono_runtime_invoke (at C:/build/output/Unity-Technologies/mono/mono/metadata/object.c:3115)
0x00007ff748208584 (Unity) scripting_method_invoke
0x00007ff7481e4eb4 (Unity) ScriptingInvocation::Invoke
0x00007ff748e485d3 (Unity) Application::ParseARGVCommands
0x00007ff748e3de23 (Unity) Application::FinishLoadingProject
0x00007ff7492bec59 (Unity) WinMain
0x00007ff74a6821fe (Unity) __scrt_common_main_seh
0x00007ffd8587ccb7 (KERNEL32) BaseThreadInitThunk
0x00007ffd8626ad6c (ntdll) RtlUserThreadStart

[CheckSettings] No hot update modules configured in HybridCLRSettings
0x00007ff7482effdd (Unity) StackWalker::GetCurrentCallstack
0x00007ff7482f50b9 (Unity) StackWalker::ShowCallstack
0x00007ff7492b3f71 (Unity) GetStacktrace
0x00007ff749966cfe (Unity) DebugStringToFile
0x00007ff74731772a (Unity) DebugLogHandler_CUSTOM_Internal_Log
0x00000242720ddaf3 (Mono JIT Code) (wrapper managed-to-native) UnityEngine.DebugLogHandler:Internal_Log (UnityEngine.LogType,UnityEngine.LogOption,string,UnityEngine.Object)
0x00000242720dda0b (Mono JIT Code) UnityEngine.DebugLogHandler:LogFormat (UnityEngine.LogType,UnityEngine.Object,string,object[])
0x00000242720dd750 (Mono JIT Code) UnityEngine.Logger:Log (UnityEngine.LogType,object)
0x0000024275b24308 (Mono JIT Code) UnityEngine.Debug:LogWarning (object)
0x0000024275b212fb (Mono JIT Code) HybridCLR.Editor.BuildProcessors.CheckSettings:OnPreprocessBuild (UnityEditor.Build.Reporting.BuildReport) (at ./Library/PackageCache/com.code-philosophy.hybridclr@7a0032934b/Editor/BuildProcessors/CheckSettings.cs:74)
0x00000242720d8bfd (Mono JIT Code) UnityEditor.Build.BuildPipelineInterfaces/<>c__DisplayClass16_0:<OnBuildPreProcess>b__1 (UnityEditor.Build.IPreprocessBuildWithReport)
0x00000242720d885e (Mono JIT Code) UnityEditor.Build.BuildPipelineInterfaces:InvokeCallbackInterfacesPair<T1_REF, T2_REF> (System.Collections.Generic.List`1<T1_REF>,System.Action`1<T1_REF>,System.Collections.Generic.List`1<T2_REF>,System.Action`1<T2_REF>,bool)
0x00000242720d7eb3 (Mono JIT Code) UnityEditor.Build.BuildPipelineInterfaces:OnBuildPreProcess (UnityEditor.Build.Reporting.BuildReport)
0x00000241c54f94d8 (Mono JIT Code) (wrapper runtime-invoke) <Module>:runtime_invoke_void_object (object,intptr,intptr,intptr)
0x00007ffc84454b7e (mono-2.0-bdwgc) mono_jit_runtime_invoke (at C:/build/output/Unity-Technologies/mono/mono/mini/mini-runtime.c:3445)
0x00007ffc8438d204 (mono-2.0-bdwgc) do_runtime_invoke (at C:/build/output/Unity-Technologies/mono/mono/metadata/object.c:3068)
0x00007ffc8438d37c (mono-2.0-bdwgc) mono_runtime_invoke (at C:/build/output/Unity-Technologies/mono/mono/metadata/object.c:3115)
0x00007ff748208584 (Unity) scripting_method_invoke
0x00007ff7481e4eb4 (Unity) ScriptingInvocation::Invoke
0x00007ff7481dff05 (Unity) ScriptingInvocation::Invoke<void>
0x00007ff748330b23 (Unity) Scripting::UnityEditor::Build::BuildPipelineInterfacesProxy::OnBuildPreProcess
0x00007ff749cceb8c (Unity) BuildPlayer
0x00007ff747a76e43 (Unity) BuildPipeline::BuildPlayerInternalNoCheck
0x00007ff74790750c (Unity) BuildPipeline_CUSTOM_BuildPlayerInternalNoCheck
0x0000024272072817 (Mono JIT Code) (wrapper managed-to-native) UnityEditor.BuildPipeline:BuildPlayerInternalNoCheck (string[],string,string,UnityEditor.BuildTargetGroup,UnityEditor.BuildTarget,int,UnityEditor.BuildOptions,string[],bool)
0x0000024272071673 (Mono JIT Code) UnityEditor.BuildPipeline:BuildPlayerInternal (string[],string,string,UnityEditor.BuildTargetGroup,UnityEditor.BuildTarget,int,UnityEditor.BuildOptions,string[])
0x0000024272070cbb (Mono JIT Code) UnityEditor.BuildPipeline:BuildPlayer (string[],string,string,UnityEditor.BuildTargetGroup,UnityEditor.BuildTarget,int,UnityEditor.BuildOptions,string[])
0x000002427207092b (Mono JIT Code) UnityEditor.BuildPipeline:BuildPlayer (UnityEditor.BuildPlayerOptions)
0x000002423003f773 (Mono JIT Code) GooseMergeDemoBuild:BuildWindows () (at C:/Users/TU/Desktop/GooseMergeDemoProject/Assets/Editor/GooseMergeDemoBuild.cs:27)
0x000002423003f955 (Mono JIT Code) (wrapper runtime-invoke) object:runtime_invoke_void (object,intptr,intptr,intptr)
0x00007ffc84454b7e (mono-2.0-bdwgc) mono_jit_runtime_invoke (at C:/build/output/Unity-Technologies/mono/mono/mini/mini-runtime.c:3445)
0x00007ffc8438d204 (mono-2.0-bdwgc) do_runtime_invoke (at C:/build/output/Unity-Technologies/mono/mono/metadata/object.c:3068)
0x00007ffc8438d37c (mono-2.0-bdwgc) mono_runtime_invoke (at C:/build/output/Unity-Technologies/mono/mono/metadata/object.c:3115)
0x00007ff748208584 (Unity) scripting_method_invoke
0x00007ff7481e4eb4 (Unity) ScriptingInvocation::Invoke
0x00007ff748e485d3 (Unity) Application::ParseARGVCommands
0x00007ff748e3de23 (Unity) Application::FinishLoadingProject
0x00007ff7492bec59 (Unity) WinMain
0x00007ff74a6821fe (Unity) __scrt_common_main_seh
0x00007ffd8587ccb7 (KERNEL32) BaseThreadInitThunk
0x00007ffd8626ad6c (ntdll) RtlUserThreadStart

[CheckSettings] MethodBridge.cpp DEVELOPMENT flag not found. Please run 'HybridCLR/Generate/All' before building.
0x00007ff7482effdd (Unity) StackWalker::GetCurrentCallstack
0x00007ff7482f50b9 (Unity) StackWalker::ShowCallstack
0x00007ff7492b3f71 (Unity) GetStacktrace
0x00007ff749966cfe (Unity) DebugStringToFile
0x00007ff74731772a (Unity) DebugLogHandler_CUSTOM_Internal_Log
0x00000242720ddaf3 (Mono JIT Code) (wrapper managed-to-native) UnityEngine.DebugLogHandler:Internal_Log (UnityEngine.LogType,UnityEngine.LogOption,string,UnityEngine.Object)
0x00000242720dda0b (Mono JIT Code) UnityEngine.DebugLogHandler:LogFormat (UnityEngine.LogType,UnityEngine.Object,string,object[])
0x00000242720dd750 (Mono JIT Code) UnityEngine.Logger:Log (UnityEngine.LogType,object)
0x0000024275b22555 (Mono JIT Code) UnityEngine.Debug:LogError (object)
0x0000024275b214c3 (Mono JIT Code) HybridCLR.Editor.BuildProcessors.CheckSettings:OnPreprocessBuild (UnityEditor.Build.Reporting.BuildReport) (at ./Library/PackageCache/com.code-philosophy.hybridclr@7a0032934b/Editor/BuildProcessors/CheckSettings.cs:92)
0x00000242720d8bfd (Mono JIT Code) UnityEditor.Build.BuildPipelineInterfaces/<>c__DisplayClass16_0:<OnBuildPreProcess>b__1 (UnityEditor.Build.IPreprocessBuildWithReport)
0x00000242720d885e (Mono JIT Code) UnityEditor.Build.BuildPipelineInterfaces:InvokeCallbackInterfacesPair<T1_REF, T2_REF> (System.Collections.Generic.List`1<T1_REF>,System.Action`1<T1_REF>,System.Collections.Generic.List`1<T2_REF>,System.Action`1<T2_REF>,bool)
0x00000242720d7eb3 (Mono JIT Code) UnityEditor.Build.BuildPipelineInterfaces:OnBuildPreProcess (UnityEditor.Build.Reporting.BuildReport)
0x00000241c54f94d8 (Mono JIT Code) (wrapper runtime-invoke) <Module>:runtime_invoke_void_object (object,intptr,intptr,intptr)
0x00007ffc84454b7e (mono-2.0-bdwgc) mono_jit_runtime_invoke (at C:/build/output/Unity-Technologies/mono/mono/mini/mini-runtime.c:3445)
0x00007ffc8438d204 (mono-2.0-bdwgc) do_runtime_invoke (at C:/build/output/Unity-Technologies/mono/mono/metadata/object.c:3068)
0x00007ffc8438d37c (mono-2.0-bdwgc) mono_runtime_invoke (at C:/build/output/Unity-Technologies/mono/mono/metadata/object.c:3115)
0x00007ff748208584 (Unity) scripting_method_invoke
0x00007ff7481e4eb4 (Unity) ScriptingInvocation::Invoke
0x00007ff7481dff05 (Unity) ScriptingInvocation::Invoke<void>
0x00007ff748330b23 (Unity) Scripting::UnityEditor::Build::BuildPipelineInterfacesProxy::OnBuildPreProcess
0x00007ff749cceb8c (Unity) BuildPlayer
0x00007ff747a76e43 (Unity) BuildPipeline::BuildPlayerInternalNoCheck
0x00007ff74790750c (Unity) BuildPipeline_CUSTOM_BuildPlayerInternalNoCheck
0x0000024272072817 (Mono JIT Code) (wrapper managed-to-native) UnityEditor.BuildPipeline:BuildPlayerInternalNoCheck (string[],string,string,UnityEditor.BuildTargetGroup,UnityEditor.BuildTarget,int,UnityEditor.BuildOptions,string[],bool)
0x0000024272071673 (Mono JIT Code) UnityEditor.BuildPipeline:BuildPlayerInternal (string[],string,string,UnityEditor.BuildTargetGroup,UnityEditor.BuildTarget,int,UnityEditor.BuildOptions,string[])
0x0000024272070cbb (Mono JIT Code) UnityEditor.BuildPipeline:BuildPlayer (string[],string,string,UnityEditor.BuildTargetGroup,UnityEditor.BuildTarget,int,UnityEditor.BuildOptions,string[])
0x000002427207092b (Mono JIT Code) UnityEditor.BuildPipeline:BuildPlayer (UnityEditor.BuildPlayerOptions)
0x000002423003f773 (Mono JIT Code) GooseMergeDemoBuild:BuildWindows () (at C:/Users/TU/Desktop/GooseMergeDemoProject/Assets/Editor/GooseMergeDemoBuild.cs:27)
0x000002423003f955 (Mono JIT Code) (wrapper runtime-invoke) object:runtime_invoke_void (object,intptr,intptr,intptr)
0x00007ffc84454b7e (mono-2.0-bdwgc) mono_jit_runtime_invoke (at C:/build/output/Unity-Technologies/mono/mono/mini/mini-runtime.c:3445)
0x00007ffc8438d204 (mono-2.0-bdwgc) do_runtime_invoke (at C:/build/output/Unity-Technologies/mono/mono/metadata/object.c:3068)
0x00007ffc8438d37c (mono-2.0-bdwgc) mono_runtime_invoke (at C:/build/output/Unity-Technologies/mono/mono/metadata/object.c:3115)
0x00007ff748208584 (Unity) scripting_method_invoke
0x00007ff7481e4eb4 (Unity) ScriptingInvocation::Invoke
0x00007ff748e485d3 (Unity) Application::ParseARGVCommands
0x00007ff748e3de23 (Unity) Application::FinishLoadingProject
0x00007ff7492bec59 (Unity) WinMain
0x00007ff74a6821fe (Unity) __scrt_common_main_seh
0x00007ffd8587ccb7 (KERNEL32) BaseThreadInitThunk
0x00007ffd8626ad6c (ntdll) RtlUserThreadStart

Start importing ProjectSettings/ProjectSettings.asset using Guid(00000000000000004000000000000000) Importer(-1,00000000000000000000000000000000) [PhysX] Initialized MultithreadedTaskDispatcher with 14 workers.
 -> (artifact id: '199a32852ac51b813c4bb114377f3a2f') in 0.002925 seconds
Refreshing native plugins compatible for Editor in 3.36 ms, found 0 plugins.
Preloading 0 native plugins for Editor in 0.00 ms.
Asset Pipeline Refresh (id=d9fc8de9a653f264a9a6f74f637439a8): Total: 0.020 seconds - Initiated by StopAssetImportingV2(NoUpdateAssetOptions)
DisplayProgressNotification: Build Failed
Error building Player: Currently selected scripting backend (IL2CPP) is not installed.
Unloading 16 Unused Serialized files (Serialized files now loaded: 0)
Unloading 18 unused Assets / (9.7 KB). Loaded Objects now: 2995.
Memory consumption went from 105.6 MB to 105.6 MB.
Total: 3.468200 ms (FindLiveObjects: 0.147900 ms CreateObjectMapping: 0.073300 ms MarkObjects: 3.200000 ms  DeleteObjects: 0.045800 ms)

Build Finished, Result: Failure.
##utp:{"type":"PlayerBuildInfo","version":2,"phase":"Immediate","time":1788837408603,"processId":38760,"steps":[{"description":"Preprocess Player","duration":191},{"description":"Prepare For Build","duration":2}],"duration":193}
[PhysX] Initialized MultithreadedTaskDispatcher with 14 workers.
Unloading 0 Unused Serialized files (Serialized files now loaded: 0)
Loaded scene 'Temp/__Backupscenes/0.backup'
	Deserialize:            0.412 ms
	Integration:            123.667 ms
	Integration of assets:  0.001 ms
	Thread Wait Time:       0.008 ms
	Total Operation Time:   124.088 ms
Unloading 0 unused Assets / (0 B). Loaded Objects now: 2994.
Memory consumption went from 104.9 MB to 104.9 MB.
Total: 3.246800 ms (FindLiveObjects: 0.152200 ms CreateObjectMapping: 0.067400 ms MarkObjects: 3.017800 ms  DeleteObjects: 0.008900 ms)

Goose Merge Demo build failed: Failed
0x00007ff7482effdd (Unity) StackWalker::GetCurrentCallstack
0x00007ff7482f50b9 (Unity) StackWalker::ShowCallstack
0x00007ff7492b3f71 (Unity) GetStacktrace
0x00007ff749966cfe (Unity) DebugStringToFile
0x00007ff74731772a (Unity) DebugLogHandler_CUSTOM_Internal_Log
0x00000242720ddaf3 (Mono JIT Code) (wrapper managed-to-native) UnityEngine.DebugLogHandler:Internal_Log (UnityEngine.LogType,UnityEngine.LogOption,string,UnityEngine.Object)
0x00000242720dda0b (Mono JIT Code) UnityEngine.DebugLogHandler:LogFormat (UnityEngine.LogType,UnityEngine.Object,string,object[])
0x00000242720dd750 (Mono JIT Code) UnityEngine.Logger:Log (UnityEngine.LogType,object)
0x0000024275b22555 (Mono JIT Code) UnityEngine.Debug:LogError (object)
0x000002423003f823 (Mono JIT Code) GooseMergeDemoBuild:BuildWindows () (at C:/Users/TU/Desktop/GooseMergeDemoProject/Assets/Editor/GooseMergeDemoBuild.cs:31)
0x000002423003f955 (Mono JIT Code) (wrapper runtime-invoke) object:runtime_invoke_void (object,intptr,intptr,intptr)
0x00007ffc84454b7e (mono-2.0-bdwgc) mono_jit_runtime_invoke (at C:/build/output/Unity-Technologies/mono/mono/mini/mini-runtime.c:3445)
0x00007ffc8438d204 (mono-2.0-bdwgc) do_runtime_invoke (at C:/build/output/Unity-Technologies/mono/mono/metadata/object.c:3068)
0x00007ffc8438d37c (mono-2.0-bdwgc) mono_runtime_invoke (at C:/build/output/Unity-Technologies/mono/mono/metadata/object.c:3115)
0x00007ff748208584 (Unity) scripting_method_invoke
0x00007ff7481e4eb4 (Unity) ScriptingInvocation::Invoke
0x00007ff748e485d3 (Unity) Application::ParseARGVCommands
0x00007ff748e3de23 (Unity) Application::FinishLoadingProject
0x00007ff7492bec59 (Unity) WinMain
0x00007ff74a6821fe (Unity) __scrt_common_main_seh
0x00007ffd8587ccb7 (KERNEL32) BaseThreadInitThunk
0x00007ffd8626ad6c (ntdll) RtlUserThreadStart

Batchmode quit successfully invoked - shutting down!
Curl error 42: Callback aborted
<b><color=#2EA3FF>MCP-FOR-UNITY</color></b>: No process found listening on port 8080
0x00007ff7482effdd (Unity) StackWalker::GetCurrentCallstack
0x00007ff7482f50b9 (Unity) StackWalker::ShowCallstack
0x00007ff7492b3f71 (Unity) GetStacktrace
0x00007ff749966cfe (Unity) DebugStringToFile
0x00007ff74731772a (Unity) DebugLogHandler_CUSTOM_Internal_Log
0x00000242720ddaf3 (Mono JIT Code) (wrapper managed-to-native) UnityEngine.DebugLogHandler:Internal_Log (UnityEngine.LogType,UnityEngine.LogOption,string,UnityEngine.Object)
0x00000242720dda0b (Mono JIT Code) UnityEngine.DebugLogHandler:LogFormat (UnityEngine.LogType,UnityEngine.Object,string,object[])
0x00000242720dd750 (Mono JIT Code) UnityEngine.Logger:Log (UnityEngine.LogType,object)
0x00000242720dd618 (Mono JIT Code) UnityEngine.Debug:Log (object)
0x000002421ea35c0b (Mono JIT Code) MCPForUnity.Editor.Helpers.McpLog:Info (string,bool) (at ./Library/PackageCache/com.coplaydev.unity-mcp@78ee541841/Editor/Helpers/McpLog.cs:41)
0x0000024275c72cd3 (Mono JIT Code) MCPForUnity.Editor.Services.ServerManagementService:StopLocalHttpServerInternal (bool,System.Nullable`1<int>,bool) (at ./Library/PackageCache/com.coplaydev.unity-mcp@78ee541841/Editor/Services/ServerManagementService.cs:714)
0x0000024275c71f8b (Mono JIT Code) MCPForUnity.Editor.Services.ServerManagementService:StopLocalHttpServer () (at ./Library/PackageCache/com.coplaydev.unity-mcp@78ee541841/Editor/Services/ServerManagementService.cs:349)
0x0000024275c67c26 (Mono JIT Code) MCPForUnity.Editor.Services.McpEditorShutdownCleanup:OnEditorQuitting () (at ./Library/PackageCache/com.coplaydev.unity-mcp@78ee541841/Editor/Services/McpEditorShutdownCleanup.cs:60)
0x0000024275c670e0 (Mono JIT Code) UnityEditor.EditorApplication:Internal_EditorApplicationQuit ()
0x00000241c54f9ce5 (Mono JIT Code) (wrapper runtime-invoke) object:runtime_invoke_void (object,intptr,intptr,intptr)
0x00007ffc84454b7e (mono-2.0-bdwgc) mono_jit_runtime_invoke (at C:/build/output/Unity-Technologies/mono/mono/mini/mini-runtime.c:3445)
0x00007ffc8438d204 (mono-2.0-bdwgc) do_runtime_invoke (at C:/build/output/Unity-Technologies/mono/mono/metadata/object.c:3068)
0x00007ffc8438d37c (mono-2.0-bdwgc) mono_runtime_invoke (at C:/build/output/Unity-Technologies/mono/mono/metadata/object.c:3115)
0x00007ff7481e1d6d (Unity) CallStaticMonoMethod
0x00007ff7481e1b07 (Unity) CallStaticMonoMethod
0x00007ff748e3ac2e (Unity) Application::CoreShutdown
0x00007ff748e4a2b5 (Unity) Application::ParseARGVCommands
0x00007ff748e3de23 (Unity) Application::FinishLoadingProject
0x00007ff7492bec59 (Unity) WinMain
0x00007ff74a6821fe (Unity) __scrt_common_main_seh
0x00007ffd8587ccb7 (KERNEL32) BaseThreadInitThunk
0x00007ffd8626ad6c (ntdll) RtlUserThreadStart

[PhysX] Initialized MultithreadedTaskDispatcher with 14 workers.
Input System module state changed to: ShutdownInProgress.
Input System polling thread exited.
Input System module state changed to: Shutdown.
[Licensing::IpcConnector] LicenseClient-TU-2022.3.62-notifications channel disconnected successfully.
[Licensing::IpcConnector] LicenseClient-TU-2022.3.62 channel disconnected successfully.
Cleanup mono
[Performance] WinEditorMain                                                                                                        :        1 samples, Peak.  2.56 s (1.0x), Avg.  2.56 s, Total. 2.560 s (27.9%)
[Performance] WinEditorMain.ConfigureCrashHandler                                                                                  :        1 samples, Peak.  34.3 us (1.0x), Avg.  34.3 us, Total. 34.30 us (0.0%)
[Performance] WinEditorMain.CurlRequestInitialize                                                                                  :        1 samples, Peak.   684 us (1.0x), Avg.   684 us, Total. 683.7 us (0.0%)
[Performance] WinEditorMain.SetupLogFile                                                                                           :        1 samples, Peak.   484 us (1.0x), Avg.   484 us, Total. 483.6 us (0.0%)
[Performance] WinEditorMain.RunNativeTestsIfRequiredAndExit                                                                        :        1 samples, Peak.   200 ns (1.0x), Avg.   200 ns, Total. 200.0 ns (0.0%)
[Performance] WinEditorMain.Licensing                                                                                              :        1 samples, Peak.  2.53 s (1.0x), Avg.  2.53 s, Total. 2.534 s (27.7%)
[Performance] WinEditorMain.InitializeCrashHandler                                                                                 :        1 samples, Peak.  21.7 ms (1.0x), Avg.  21.7 ms, Total. 21.74 ms (0.2%)
[Performance] WinEditorMain.CreateApplication                                                                                      :        1 samples, Peak.   130 us (1.0x), Avg.   130 us, Total. 129.9 us (0.0%)
[Performance] Application.InitializeProject                                                                                        :        1 samples, Peak.  5.70 s (1.0x), Avg.  5.70 s, Total. 5.697 s (62.2%)
[Performance] Application.PackageManager.StartServer                                                                               :        1 samples, Peak.  9.70 ms (1.0x), Avg.  9.70 ms, Total. 9.696 ms (0.1%)
[Performance] Application.AcquireProjectLock                                                                                       :        1 samples, Peak.  4.22 ms (1.0x), Avg.  4.22 ms, Total. 4.218 ms (0.0%)
[Performance] Application.InitializeEngineNoGraphics                                                                               :        1 samples, Peak.  45.3 ms (1.0x), Avg.  45.3 ms, Total. 45.29 ms (0.5%)
[Performance] Application.PackageManager.Initialize                                                                                :        1 samples, Peak.   241 ms (1.0x), Avg.   241 ms, Total. 241.2 ms (2.6%)
[Performance] Connecting to Package Manager                                                                                        :       25 samples, Peak.   118 us (16.9x), Avg.  6.98 us, Total. 174.4 us (0.0%)
[Performance] Application.EngineGraphics.Initialize                                                                                :        1 samples, Peak.   329 ms (1.0x), Avg.   329 ms, Total. 329.5 ms (3.6%)
[Performance] Application.GI.Initialize                                                                                            :        1 samples, Peak.  4.39 ms (1.0x), Avg.  4.39 ms, Total. 4.394 ms (0.0%)
[Performance] Application.LoadAllDefaultResourcesFromEditor                                                                        :        1 samples, Peak.  1.28 ms (1.0x), Avg.  1.28 ms, Total. 1.277 ms (0.0%)
[Performance] Application.LoadMonoAssemblies                                                                                       :        1 samples, Peak.   434 ms (1.0x), Avg.   434 ms, Total. 434.3 ms (4.7%)
[Performance] RestoreManagedReferences                                                                                             :        2 samples, Peak.  29.1 ms (2.0x), Avg.  14.5 ms, Total. 29.07 ms (0.3%)
[Performance] InitializeOnLoad DrivenRectTransformUndo                                                                             :        2 samples, Peak.   300 us (1.0x), Avg.   291 us, Total. 581.8 us (0.0%)
[Performance] InitializeOnLoad SceneSearch                                                                                         :        2 samples, Peak.   111 us (1.2x), Avg.  91.5 us, Total. 183.0 us (0.0%)
[Performance] InitializeOnLoad CloudBuild                                                                                          :        2 samples, Peak.  3.50 us (1.2x), Avg.  2.80 us, Total. 5.600 us (0.0%)
[Performance] InitializeOnLoad NativeFormatImporterUtility                                                                         :        2 samples, Peak.  1.91 ms (1.2x), Avg.  1.65 ms, Total. 3.307 ms (0.0%)
[Performance] InitializeOnLoad SearchService                                                                                       :        2 samples, Peak.  82.7 us (1.1x), Avg.  77.0 us, Total. 154.0 us (0.0%)
[Performance] InitializeOnLoad SettingsService                                                                                     :        2 samples, Peak.  8.10 us (1.3x), Avg.  6.20 us, Total. 12.40 us (0.0%)
[Performance] InitializeOnLoad WindowLayout                                                                                        :        2 samples, Peak.   607 us (1.2x), Avg.   515 us, Total. 1.030 ms (0.0%)
[Performance] InitializeOnLoad AssetStoreContext                                                                                   :        2 samples, Peak.  16.8 ms (1.0x), Avg.  16.0 ms, Total. 32.03 ms (0.3%)
[Performance] InitializeOnLoad PoolManager                                                                                         :        2 samples, Peak.   391 us (1.0x), Avg.   389 us, Total. 777.3 us (0.0%)
[Performance] InitializeOnLoad MixerEffectDefinitionReloader                                                                       :        2 samples, Peak.  1.82 ms (1.3x), Avg.  1.44 ms, Total. 2.883 ms (0.0%)
[Performance] InitializeOnLoad ProjectSearch                                                                                       :        2 samples, Peak.  47.2 us (1.1x), Avg.  44.0 us, Total. 88.00 us (0.0%)
[Performance] InitializeOnLoad UISystemProfilerRenderService                                                                       :        2 samples, Peak.  5.70 us (1.1x), Avg.  5.10 us, Total. 10.20 us (0.0%)
[Performance] InitializeOnLoad EditMode                                                                                            :        2 samples, Peak.   283 us (1.1x), Avg.   269 us, Total. 538.3 us (0.0%)
[Performance] InitializeOnLoad UnityConnect                                                                                        :        2 samples, Peak.  31.9 us (1.0x), Avg.  30.6 us, Total. 61.20 us (0.0%)
[Performance] InitializeOnLoad ManagedDebugger                                                                                     :        2 samples, Peak.   373 us (1.0x), Avg.   357 us, Total. 715.0 us (0.0%)
[Performance] InitializeOnLoad ShortcutIntegration                                                                                 :        2 samples, Peak.  35.3 us (1.0x), Avg.  35.2 us, Total. 70.40 us (0.0%)
[Performance] InitializeOnLoad AddComponentWindow                                                                                  :        2 samples, Peak.  69.0 us (1.1x), Avg.  65.4 us, Total. 130.7 us (0.0%)
[Performance] InitializeOnLoad ManagedDebuggerWindow                                                                               :        2 samples, Peak.  78.0 us (1.1x), Avg.  73.5 us, Total. 147.1 us (0.0%)
[Performance] InitializeOnLoad CacheServerWindow                                                                                   :        2 samples, Peak.  6.30 us (1.3x), Avg.  5.00 us, Total. 10.000 us (0.0%)
[Performance] InitializeOnLoad PlayModeDownload                                                                                    :        2 samples, Peak.  3.67 ms (1.9x), Avg.  1.89 ms, Total. 3.783 ms (0.0%)
[Performance] InitializeOnLoad MenuItems                                                                                           :        2 samples, Peak.  75.9 us (1.3x), Avg.  60.2 us, Total. 120.5 us (0.0%)
[Performance] InitializeOnLoad PrefabInstanceChangedListener                                                                       :        2 samples, Peak.  93.9 us (1.1x), Avg.  85.7 us, Total. 171.5 us (0.0%)
[Performance] InitializeOnLoad ObjectSelectorSearch                                                                                :        2 samples, Peak.  82.9 us (1.5x), Avg.  53.9 us, Total. 107.7 us (0.0%)
[Performance] InitializeOnLoad EditorMonitor                                                                                       :        2 samples, Peak.   439 us (1.2x), Avg.   379 us, Total. 757.9 us (0.0%)
[Performance] InitializeOnLoad RetainedMode                                                                                        :        2 samples, Peak.  1.74 ms (1.1x), Avg.  1.58 ms, Total. 3.161 ms (0.0%)
[Performance] InitializeOnLoad EditorShaderLoader                                                                                  :        2 samples, Peak.   463 us (1.1x), Avg.   436 us, Total. 871.8 us (0.0%)
[Performance] InitializeOnLoad EditorDelegateRegistration                                                                          :        2 samples, Peak.   303 us (1.1x), Avg.   281 us, Total. 562.7 us (0.0%)
[Performance] InitializeOnLoad UIDocumentHierarchyWatcher                                                                          :        2 samples, Peak.  46.3 us (1.1x), Avg.  43.8 us, Total. 87.60 us (0.0%)
[Performance] InitializeOnLoad LiveReloadTrackerCreator                                                                            :        2 samples, Peak.   110 us (1.2x), Avg.  93.8 us, Total. 187.5 us (0.0%)
[Performance] InitializeOnLoad UxmlObjectEditorFactories                                                                           :        2 samples, Peak.   341 us (1.1x), Avg.   301 us, Total. 601.4 us (0.0%)
[Performance] InitializeOnLoad UXMLEditorFactories                                                                                 :        2 samples, Peak.  42.4 ms (1.1x), Avg.  39.3 ms, Total. 78.57 ms (0.9%)
[Performance] InitializeOnLoad PurchasingService                                                                                   :        2 samples, Peak.  4.58 ms (1.0x), Avg.  4.49 ms, Total. 8.986 ms (0.1%)
[Performance] InitializeOnLoad CloudBuildPoller                                                                                    :        2 samples, Peak.  70.7 us (1.0x), Avg.  70.5 us, Total. 140.9 us (0.0%)
[Performance] InitializeOnLoad EditorGameServicesAnalytics                                                                         :        2 samples, Peak.  1.82 ms (1.5x), Avg.  1.22 ms, Total. 2.437 ms (0.0%)
[Performance] InitializeOnLoad AnalyticsService                                                                                    :        2 samples, Peak.   115 us (1.0x), Avg.   112 us, Total. 223.7 us (0.0%)
[Performance] InitializeOnLoad BuildService                                                                                        :        2 samples, Peak.  89.4 us (1.0x), Avg.  86.2 us, Total. 172.3 us (0.0%)
[Performance] InitializeOnLoad AdsService                                                                                          :        2 samples, Peak.   281 us (1.1x), Avg.   263 us, Total. 526.8 us (0.0%)
[Performance] InitializeOnLoad UDPService                                                                                          :        2 samples, Peak.  83.5 us (1.0x), Avg.  81.8 us, Total. 163.7 us (0.0%)
[Performance] InitializeOnLoad CrashService                                                                                        :        2 samples, Peak.  84.3 us (1.0x), Avg.  80.5 us, Total. 161.0 us (0.0%)
[Performance] InitializeOnLoad ServicesRepository                                                                                  :        2 samples, Peak.   300 ns (1.0x), Avg.   300 ns, Total. 600.0 ns (0.0%)
[Performance] InitializeOnLoad SearchWindow                                                                                        :        2 samples, Peak.  89.1 us (1.1x), Avg.  79.4 us, Total. 158.8 us (0.0%)
[Performance] InitializeOnLoad CustomIndexers                                                                                      :        2 samples, Peak.  12.6 ms (1.1x), Avg.  11.0 ms, Total. 22.05 ms (0.2%)
[Performance] InitializeOnLoad SearchMonitor                                                                                       :        2 samples, Peak.   783 us (1.2x), Avg.   650 us, Total. 1.299 ms (0.0%)
[Performance] InitializeOnLoad ParameterControllerEditor                                                                           :        2 samples, Peak.  16.0 us (1.0x), Avg.  15.4 us, Total. 30.90 us (0.0%)
[Performance] InitializeOnLoad LayerSettingsWindow                                                                                 :        2 samples, Peak.  16.9 us (1.7x), Avg.  9.80 us, Total. 19.60 us (0.0%)
[Performance] InitializeOnLoad PackageManagerHookGUIDConverter.RegisterPackagesEventHandler                                        :        2 samples, Peak.   673 us (1.8x), Avg.   377 us, Total. 754.4 us (0.0%)
[Performance] InitializeOnLoad EditorDragAndDrop.RegisterEditorClient                                                              :        2 samples, Peak.   193 us (1.2x), Avg.   163 us, Total. 326.2 us (0.0%)
[Performance] InitializeOnLoad EditorEventCallbacks.InitializeFontAssetResourceChangeCallBacks                                     :        2 samples, Peak.  1.35 ms (1.2x), Avg.  1.12 ms, Total. 2.243 ms (0.0%)
[Performance] InitializeOnLoad SceneTemplateService.Init                                                                           :        2 samples, Peak.   840 us (1.1x), Avg.   738 us, Total. 1.476 ms (0.0%)
[Performance] InitializeOnLoad DiagnosticSwitchesConsoleMessage.Init                                                               :        2 samples, Peak.  5.04 ms (1.7x), Avg.  2.90 ms, Total. 5.803 ms (0.1%)
[Performance] InitializeOnLoad MemoryProfilerCompilationGuard.InjectCompileGuard                                                   :        2 samples, Peak.   125 us (1.1x), Avg.   119 us, Total. 237.3 us (0.0%)
[Performance] InitializeOnLoad EditorWindow.Initialize                                                                             :        2 samples, Peak.   204 us (1.1x), Avg.   180 us, Total. 359.5 us (0.0%)
[Performance] InitializeOnLoad AssetPostprocessingInternal.RefreshCustomDependencies                                               :        2 samples, Peak.  2.05 ms (1.3x), Avg.  1.55 ms, Total. 3.100 ms (0.0%)
[Performance] InitializeOnLoad SysrootManager.Initialize                                                                           :        2 samples, Peak.   350 us (1.1x), Avg.   325 us, Total. 650.1 us (0.0%)
[Performance] InitializeOnLoad PackageManagerWindow.EditorInitializedInSafeMode                                                    :        2 samples, Peak.  16.3 ms (2.0x), Avg.  8.20 ms, Total. 16.40 ms (0.2%)
[Performance] InitializeOnLoad ToolShortcutContext.Init                                                                            :        2 samples, Peak.  84.0 us (1.0x), Avg.  82.8 us, Total. 165.5 us (0.0%)
[Performance] InitializeOnLoad SceneVisibilityManager.Initialize                                                                   :        2 samples, Peak.  3.23 ms (1.7x), Avg.  1.94 ms, Total. 3.875 ms (0.0%)
[Performance] InitializeOnLoad ScopedRegistryAddedPopup.SubscribeToRegistriesAdded                                                 :        2 samples, Peak.  4.26 ms (2.0x), Avg.  2.17 ms, Total. 4.333 ms (0.0%)
[Performance] AssemblyReloadEvents.afterAssemblyReload: UnityEditor.SceneTemplate.SceneTemplateService.AfterAssemblyReload         :        2 samples, Peak.  2.28 ms (1.8x), Avg.  1.27 ms, Total. 2.548 ms (0.0%)
[Performance] ProcessService.EditorAfterLoadAllAssemblies                                                                          :        2 samples, Peak.   240 us (1.1x), Avg.   221 us, Total. 442.9 us (0.0%)
[Performance] Application.ReadLicenseInfo                                                                                          :        1 samples, Peak.  14.1 ms (1.0x), Avg.  14.1 ms, Total. 14.09 ms (0.2%)
[Performance] Application.InitialRefresh                                                                                           :        1 samples, Peak.  4.07 s (1.0x), Avg.  4.07 s, Total. 4.068 s (44.4%)
[Performance] ShaderImporter.SourceAssetModified                                                                                   :        3 samples, Peak.   800 ns (1.3x), Avg.   600 ns, Total. 1.800 us (0.0%)
[Performance] ShaderIncludeImporter.SourceAssetModified                                                                            :        3 samples, Peak.   900 ns (1.2x), Avg.   767 ns, Total. 2.300 us (0.0%)
[Performance] Compiling Scripts                                                                                                    :        1 samples, Peak.   651 ms (1.0x), Avg.   651 ms, Total. 651.5 ms (7.1%)
[Performance] AssemblyReloadEvents.beforeAssemblyReload: UnityEditor.SceneTemplate.SceneTemplateService.BeforeAssemblyReload       :        1 samples, Peak.   376 us (1.0x), Avg.   376 us, Total. 375.7 us (0.0%)
[Performance] PresetManagerPostProcessor.OnPreprocessAsset                                                                         :        2 samples, Peak.   817 us (2.0x), Avg.   415 us, Total. 831.0 us (0.0%)
[Performance] CancelSplashScreenOnAssetChange.OnPreprocessAsset                                                                    :        2 samples, Peak.  84.8 us (1.9x), Avg.  43.5 us, Total. 87.00 us (0.0%)
[Performance] InitializeOnLoad BurstLoader                                                                                         :        1 samples, Peak.  1.26 s (1.0x), Avg.  1.26 s, Total. 1.257 s (13.7%)
[Performance] InitializeOnLoad OnDomainReload                                                                                      :        1 samples, Peak.   389 us (1.0x), Avg.   389 us, Total. 389.2 us (0.0%)
[Performance] InitializeOnLoad EditorInitialize                                                                                    :        3 samples, Peak.  10.5 ms (2.7x), Avg.  3.88 ms, Total. 11.64 ms (0.1%)
[Performance] InitializeOnLoad CanvasesAndTheirOwners                                                                              :        1 samples, Peak.   227 us (1.0x), Avg.   227 us, Total. 227.3 us (0.0%)
[Performance] InitializeOnLoad CinemachineEditorAnalytics                                                                          :        1 samples, Peak.   878 us (1.0x), Avg.   878 us, Total. 877.7 us (0.0%)
[Performance] InitializeOnLoad SaveDuringPlay                                                                                      :        1 samples, Peak.  71.0 us (1.0x), Avg.  71.0 us, Total. 71.00 us (0.0%)
[Performance] InitializeOnLoad CollectGizmoDrawers                                                                                 :        1 samples, Peak.  5.53 ms (1.0x), Avg.  5.53 ms, Total. 5.531 ms (0.1%)
[Performance] InitializeOnLoad CinemachineScreenComposerGuidesGlobalDraggable                                                      :        1 samples, Peak.   118 us (1.0x), Avg.   118 us, Total. 117.6 us (0.0%)
[Performance] InitializeOnLoad CinemachineStoryboardMute                                                                           :        1 samples, Peak.  61.1 us (1.0x), Avg.  61.1 us, Total. 61.10 us (0.0%)
[Performance] InitializeOnLoad CreateRigWithUndo                                                                                   :        1 samples, Peak.  88.9 us (1.0x), Avg.  88.9 us, Total. 88.90 us (0.0%)
[Performance] InitializeOnLoad CreatePipelineWithUndo                                                                              :        1 samples, Peak.  60.5 us (1.0x), Avg.  60.5 us, Total. 60.50 us (0.0%)
[Performance] InitializeOnLoad CinemachineColliderPrefs                                                                            :        1 samples, Peak.   261 us (1.0x), Avg.   261 us, Total. 261.1 us (0.0%)
[Performance] InitializeOnLoad SyncCacheEnabledSetting                                                                             :        1 samples, Peak.   500 us (1.0x), Avg.   500 us, Total. 500.3 us (0.0%)
[Performance] InitializeOnLoad BackgroundWatcher                                                                                   :        1 samples, Peak.  99.7 us (1.0x), Avg.  99.7 us, Total. 99.70 us (0.0%)
[Performance] InitializeOnLoad UnityTestProtocolStarter                                                                            :        1 samples, Peak.   131 us (1.0x), Avg.   131 us, Total. 130.8 us (0.0%)
[Performance] InitializeOnLoad TestStarter                                                                                         :        1 samples, Peak.   420 us (1.0x), Avg.   420 us, Total. 420.3 us (0.0%)
[Performance] InitializeOnLoad RerunCallbackInitializer                                                                            :        1 samples, Peak.  2.73 ms (1.0x), Avg.  2.73 ms, Total. 2.730 ms (0.0%)
[Performance] InitializeOnLoad GetIl2CppFolderHook                                                                                 :        1 samples, Peak.  7.59 ms (1.0x), Avg.  7.59 ms, Total. 7.591 ms (0.1%)
[Performance] InitializeOnLoad CopyStrippedAOTAssembliesHook                                                                       :        1 samples, Peak.  1.30 ms (1.0x), Avg.  1.30 ms, Total. 1.303 ms (0.0%)
[Performance] InitializeOnLoad VisualStudioEditor                                                                                  :        1 samples, Peak.  24.3 ms (1.0x), Avg.  24.3 ms, Total. 24.25 ms (0.3%)
[Performance] InitializeOnLoad TestRunnerApiListener                                                                               :        1 samples, Peak.   487 us (1.0x), Avg.   487 us, Total. 486.8 us (0.0%)
[Performance] InitializeOnLoad VisualStudioIntegration                                                                             :        1 samples, Peak.  1.19 ms (1.0x), Avg.  1.19 ms, Total. 1.191 ms (0.0%)
[Performance] InitializeOnLoad PrefabLayoutRebuilder                                                                               :        1 samples, Peak.   253 us (1.0x), Avg.   253 us, Total. 252.8 us (0.0%)
[Performance] InitializeOnLoad HistoryData                                                                                         :        1 samples, Peak.   473 us (1.0x), Avg.   473 us, Total. 473.4 us (0.0%)
[Performance] InitializeOnLoad RiderScriptEditor                                                                                   :        1 samples, Peak.  3.84 ms (1.0x), Avg.  3.84 ms, Total. 3.843 ms (0.0%)
[Performance] InitializeOnLoad CallbackInitializer                                                                                 :        1 samples, Peak.  1.05 ms (1.0x), Avg.  1.05 ms, Total. 1.047 ms (0.0%)
[Performance] InitializeOnLoad SpriteEditorWindow                                                                                  :        1 samples, Peak.   300 us (1.0x), Avg.   300 us, Total. 300.4 us (0.0%)
[Performance] InitializeOnLoad HttpBridgeReloadHandler                                                                             :        1 samples, Peak.   295 us (1.0x), Avg.   295 us, Total. 295.3 us (0.0%)
[Performance] InitializeOnLoad SetupWindowService                                                                                  :        1 samples, Peak.  98.5 us (1.0x), Avg.  98.5 us, Total. 98.50 us (0.0%)
[Performance] InitializeOnLoad HttpAutoStartHandler                                                                                :        1 samples, Peak.  88.1 us (1.0x), Avg.  88.1 us, Total. 88.10 us (0.0%)
[Performance] InitializeOnLoad StdioBridgeReloadHandler                                                                            :        1 samples, Peak.   106 us (1.0x), Avg.   106 us, Total. 106.2 us (0.0%)
[Performance] InitializeOnLoad TestRunnerNoThrottle                                                                                :        1 samples, Peak.   257 us (1.0x), Avg.   257 us, Total. 256.6 us (0.0%)
[Performance] InitializeOnLoad StdioBridgeHost                                                                                     :        1 samples, Peak.   484 us (1.0x), Avg.   484 us, Total. 483.8 us (0.0%)
[Performance] InitializeOnLoad StdIoVersionMigration                                                                               :        1 samples, Peak.  38.8 us (1.0x), Avg.  38.8 us, Total. 38.80 us (0.0%)
[Performance] InitializeOnLoad LegacyServerSrcMigration                                                                            :        1 samples, Peak.  28.4 us (1.0x), Avg.  28.4 us, Total. 28.40 us (0.0%)
[Performance] InitializeOnLoad PlayModeOptionsGuard                                                                                :        1 samples, Peak.   260 us (1.0x), Avg.   260 us, Total. 259.8 us (0.0%)
[Performance] InitializeOnLoad ProjectIdentityUtility                                                                              :        1 samples, Peak.   158 us (1.0x), Avg.   158 us, Total. 157.6 us (0.0%)
[Performance] InitializeOnLoad EditorStateCache                                                                                    :        1 samples, Peak.   171 ms (1.0x), Avg.   171 ms, Total. 170.9 ms (1.9%)
[Performance] InitializeOnLoad McpEditorShutdownCleanup                                                                            :        1 samples, Peak.   883 us (1.0x), Avg.   883 us, Total. 882.5 us (0.0%)
[Performance] InitializeOnLoad TransportCommandDispatcher                                                                          :        1 samples, Peak.   340 ms (1.0x), Avg.   340 ms, Total. 340.4 ms (3.7%)
[Performance] InitializeOnLoad StartupConfigRewrite                                                                                :        1 samples, Peak.   144 us (1.0x), Avg.   144 us, Total. 144.1 us (0.0%)
[Performance] InitializeOnLoad VSCodeScriptEditor                                                                                  :        1 samples, Peak.  2.41 ms (1.0x), Avg.  2.41 ms, Total. 2.409 ms (0.0%)
[Performance] InitializeOnLoad ExecuteCode.OnDomainReload                                                                          :        1 samples, Peak.   329 us (1.0x), Avg.   329 us, Total. 328.5 us (0.0%)
[Performance] InitializeOnLoad UnityReflect.OnLoad                                                                                 :        1 samples, Peak.   354 us (1.0x), Avg.   354 us, Total. 353.9 us (0.0%)
[Performance] InitializeOnLoad McpLogRecord.RefreshFromPrefs                                                                       :        1 samples, Peak.   138 us (1.0x), Avg.   138 us, Total. 137.8 us (0.0%)
[Performance] InitializeOnLoad GetMenuItems.BuildCache                                                                             :        1 samples, Peak.  4.90 ms (1.0x), Avg.  4.90 ms, Total. 4.896 ms (0.1%)
[Performance] InitializeOnLoad $BurstDirectCallInitializer.Initialize                                                              :        2 samples, Peak.  6.95 ms (1.8x), Avg.  3.92 ms, Total. 7.838 ms (0.1%)
[Performance] InitializeOnLoad SysrootPackage.IssueWarningIfLinuxIL2CPPNotPresent                                                  :        1 samples, Peak.   166 us (1.0x), Avg.   166 us, Total. 165.8 us (0.0%)
[Performance] InitializeOnLoad MemoryProfilerSettings.RuntimeInitialize                                                            :        1 samples, Peak.   463 us (1.0x), Avg.   463 us, Total. 463.2 us (0.0%)
[Performance] InitializeOnLoad EditorGUICompatibilityHelper.RuntimeInitialize                                                      :        1 samples, Peak.  2.55 ms (1.0x), Avg.  2.55 ms, Total. 2.553 ms (0.0%)
[Performance] InitializeOnLoad TestJobDataHolder.ResumeRunningJobs                                                                 :        1 samples, Peak.   918 us (1.0x), Avg.   918 us, Total. 917.6 us (0.0%)
[Performance] InitializeOnLoad AnalyticsReporter.RegisterCallbacks                                                                 :        1 samples, Peak.   153 us (1.0x), Avg.   153 us, Total. 152.7 us (0.0%)
[Performance] InitializeOnLoad VisualStudioEditor.LegacyVisualStudioCodePackageDisabler                                            :        1 samples, Peak.  3.84 ms (1.0x), Avg.  3.84 ms, Total. 3.843 ms (0.0%)
[Performance] InitializeOnLoad MemoryProfilerModuleOverride.InitializeOverride                                                     :        1 samples, Peak.   328 us (1.0x), Avg.   328 us, Total. 327.6 us (0.0%)
[Performance] InitializeOnLoad MetadataInjector.EditorInitMetadata                                                                 :        1 samples, Peak.   207 us (1.0x), Avg.   207 us, Total. 207.0 us (0.0%)
[Performance] DidReloadScriptsCinemachineExtension.OnScriptReload                                                                  :        1 samples, Peak.   366 us (1.0x), Avg.   366 us, Total. 366.2 us (0.0%)
[Performance] DidReloadScriptsCinemachineVirtualCameraBase.OnScriptReload                                                          :        1 samples, Peak.  76.7 us (1.0x), Avg.  76.7 us, Total. 76.70 us (0.0%)
[Performance] DidReloadScriptsTestRunnerWindow.CompilationCallback                                                                 :        1 samples, Peak.   157 us (1.0x), Avg.   157 us, Total. 156.9 us (0.0%)
[Performance] DidReloadScriptsTestListCache.ScriptReloaded                                                                         :        1 samples, Peak.  1.11 ms (1.0x), Avg.  1.11 ms, Total. 1.109 ms (0.0%)
[Performance] DidReloadScriptsAdvancedDropdownWindow.OnScriptReload                                                                :        1 samples, Peak.   170 us (1.0x), Avg.   170 us, Total. 169.7 us (0.0%)
[Performance] AssemblyReloadEvents.afterAssemblyReload: MCPForUnity.Editor.Services.HttpBridgeReloadHandler.OnAfterAssemblyReload  :        1 samples, Peak.   679 us (1.0x), Avg.   679 us, Total. 678.6 us (0.0%)
[Performance] AssemblyReloadEvents.afterAssemblyReload: MCPForUnity.Editor.Services.StdioBridgeReloadHandler.OnAfterAssemblyReload :        1 samples, Peak.   533 us (1.0x), Avg.   533 us, Total. 533.0 us (0.0%)
[Performance] AssemblyReloadEvents.afterAssemblyReload: callback in MCPForUnity.Editor.Services.EditorStateCache                   :        1 samples, Peak.   338 us (1.0x), Avg.   338 us, Total. 338.0 us (0.0%)
[Performance] AssemblyReloadEvents.afterAssemblyReload: MCPForUnity.Editor.Tools.UnityReflect.InvalidateCache                      :        1 samples, Peak.   297 us (1.0x), Avg.   297 us, Total. 296.5 us (0.0%)
[Performance] AssetDatabase.ImportAssets                                                                                           :        6 samples, Peak.  20.1 ms (6.0x), Avg.  3.35 ms, Total. 20.09 ms (0.2%)
[Performance] VersionControl.Task.Wait                                                                                             :        1 samples, Peak.  6.40 us (1.0x), Avg.  6.40 us, Total. 6.400 us (0.0%)
[Performance] CinemachineSettings.OnPostprocessAllAssets                                                                           :        4 samples, Peak.   274 us (2.4x), Avg.   112 us, Total. 447.4 us (0.0%)
[Performance] TMPro_TexturePostProcessor.OnPostprocessAllAssets                                                                    :        4 samples, Peak.   275 us (2.1x), Avg.   130 us, Total. 521.0 us (0.0%)
[Performance] BuilderAssetPostprocessor.OnPostprocessAllAssets                                                                     :        4 samples, Peak.  5.18 ms (2.0x), Avg.  2.58 ms, Total. 10.32 ms (0.1%)
[Performance] ArtifactBrowserPostProcessor.OnPostprocessAllAssets                                                                  :        4 samples, Peak.   429 us (2.0x), Avg.   210 us, Total. 840.4 us (0.0%)
[Performance] AssetEvents.OnPostprocessAllAssets                                                                                   :        8 samples, Peak.   222 us (2.2x), Avg.   102 us, Total. 815.0 us (0.0%)
[Performance] AudioMixerPostprocessor.OnPostprocessAllAssets                                                                       :        4 samples, Peak.   290 us (2.1x), Avg.   136 us, Total. 545.4 us (0.0%)
[Performance] StyleCatalogPostProcessor.OnPostprocessAllAssets                                                                     :        4 samples, Peak.  26.4 ms (2.0x), Avg.  13.2 ms, Total. 52.88 ms (0.6%)
[Performance] BuildCatalog                                                                                                         :        1 samples, Peak.  25.5 ms (1.0x), Avg.  25.5 ms, Total. 25.51 ms (0.3%)
[Performance] ModelImporterPostProcessor.OnPostprocessAllAssets                                                                    :        4 samples, Peak.   997 us (2.1x), Avg.   486 us, Total. 1.945 ms (0.0%)
[Performance] RetainedModeAssetPostprocessor.OnPostprocessAllAssets                                                                :        4 samples, Peak.  2.84 ms (2.0x), Avg.  1.41 ms, Total. 5.644 ms (0.1%)
[Performance] AssetChangedListener.OnPostprocessAllAssets                                                                          :        4 samples, Peak.  1.39 ms (1.8x), Avg.   783 us, Total. 3.132 ms (0.0%)
[Performance] SpeedTreePostProcessor.OnPostprocessAllAssets                                                                        :        4 samples, Peak.   393 us (2.1x), Avg.   191 us, Total. 763.1 us (0.0%)
[Performance] TextAssetPostProcessor.OnPostprocessAllAssets                                                                        :        4 samples, Peak.   487 us (2.0x), Avg.   246 us, Total. 982.4 us (0.0%)
[Performance] SpriteEditorTexturePostprocessor.OnPostprocessAllAssets                                                              :        4 samples, Peak.   252 us (1.9x), Avg.   131 us, Total. 524.5 us (0.0%)
[Performance] SyncVS.PostprocessSyncProject                                                                                        :        2 samples, Peak.  3.96 ms (1.9x), Avg.  2.04 ms, Total. 4.082 ms (0.0%)
[Performance] Application.ImportPackagesAndSetTemplateWhenCreatingProject                                                          :        1 samples, Peak.  10.0 ms (1.0x), Avg.  10.0 ms, Total. 10.00 ms (0.1%)
[Performance] Application.SyncCurrentColorSpace                                                                                    :        1 samples, Peak.   500 ns (1.0x), Avg.   500 ns, Total. 500.0 ns (0.0%)
[Performance] Application.OnUsbDevicesChanged                                                                                      :        1 samples, Peak.  6.06 ms (1.0x), Avg.  6.06 ms, Total. 6.056 ms (0.1%)
[Performance] Application.AssetInstanceCacheUpdate                                                                                 :        1 samples, Peak.   400 ns (1.0x), Avg.   400 ns, Total. 400.0 ns (0.0%)
[Performance] Application.UnityExtensions.Initialize                                                                               :        1 samples, Peak.  1.84 ms (1.0x), Avg.  1.84 ms, Total. 1.840 ms (0.0%)
[Performance] CodeEditorProjectSync.SyncEditorProject                                                                              :        1 samples, Peak.  75.3 ms (1.0x), Avg.  75.3 ms, Total. 75.31 ms (0.8%)
[Performance] Application.ExecuteStartups                                                                                          :        1 samples, Peak.  48.6 ms (1.0x), Avg.  48.6 ms, Total. 48.61 ms (0.5%)
[Performance] Menu.RegisterMenuInterface                                                                                           :       26 samples, Peak.  2.20 us (10.2x), Avg.   215 ns, Total. 5.600 us (0.0%)
[Performance] Gizmo.RebuildRenderers                                                                                               :        2 samples, Peak.  47.7 ms (1.5x), Avg.  32.0 ms, Total. 63.99 ms (0.7%)
[Performance] Gizmo.AddGizmoRenderers                                                                                              :      138 samples, Peak.  1.10 ms (55.2x), Avg.  19.9 us, Total. 2.747 ms (0.0%)
[Performance] Application.editorInitializingProject                                                                                :        1 samples, Peak.   169 ms (1.0x), Avg.   169 ms, Total. 169.1 ms (1.8%)
[Performance] Application.InitializeMenu                                                                                           :        1 samples, Peak.  51.5 ms (1.0x), Avg.  51.5 ms, Total. 51.53 ms (0.6%)
[Performance] Menu.RebuildAll                                                                                                      :        1 samples, Peak.  51.5 ms (1.0x), Avg.  51.5 ms, Total. 51.52 ms (0.6%)
[Performance] Menu.BuildRegisteredMenuInterfaces                                                                                   :        1 samples, Peak.  49.8 ms (1.0x), Avg.  49.8 ms, Total. 49.82 ms (0.5%)
[Performance] Menu.FilterMenuItem                                                                                                  :      625 samples, Peak.  22.9 ms (608.3x), Avg.  37.7 us, Total. 23.57 ms (0.3%)
[Performance] UpdateAllMenus                                                                                                       :        1 samples, Peak.   396 us (1.0x), Avg.   396 us, Total. 396.2 us (0.0%)
[Performance] Menu.RebuildOSMainMenu                                                                                               :        2 samples, Peak.  1.63 ms (1.2x), Avg.  1.39 ms, Total. 2.783 ms (0.0%)
[Performance] EditorSceneManager.sceneClosing: InspectorHistory.HistoryData.OnSceneClosing                                         :        2 samples, Peak.  1.67 ms (2.0x), Avg.   839 us, Total. 1.679 ms (0.0%)
[Performance] EditorSceneManager.sceneClosing: UnityEditor.SceneVisibilityManager.EditorSceneManagerOnSceneClosing                 :        2 samples, Peak.   208 us (2.0x), Avg.   106 us, Total. 211.6 us (0.0%)
[Performance] GUIView.RepaintAll.PlayerLoopController                                                                              :        2 samples, Peak.  1.30 us (1.1x), Avg.  1.15 us, Total. 2.300 us (0.0%)
[Performance] EditorSceneManager.newSceneCreated: UnityEditor.SceneTemplate.SceneTemplateService.OnNewSceneCreated                 :        1 samples, Peak.   269 us (1.0x), Avg.   269 us, Total. 268.6 us (0.0%)
[Performance] EditorSceneManager.newSceneCreated: UnityEditor.SceneVisibilityManager.EditorSceneManagerOnNewSceneCreated           :        1 samples, Peak.   147 us (1.0x), Avg.   147 us, Total. 146.6 us (0.0%)
[Performance] EditorSceneManager.newSceneCreated: UnityEditor.SceneManagement.StageNavigationManager.OnNewSceneCreated             :        1 samples, Peak.  39.5 us (1.0x), Avg.  39.5 us, Total. 39.50 us (0.0%)
[Performance] Application.InvokeFinishedLoadingProject                                                                             :        1 samples, Peak.  4.56 ms (1.0x), Avg.  4.56 ms, Total. 4.562 ms (0.0%)
[Performance] ProcessService.OnProjectLoaded                                                                                       :        1 samples, Peak.  38.6 us (1.0x), Avg.  38.6 us, Total. 38.60 us (0.0%)
[Performance] Inspector.InitOrRebuild                                                                                              :        2 samples, Peak.   307 us (1.4x), Avg.   226 us, Total. 451.1 us (0.0%)
[Performance] BuilderAssetModificationProcessor.OnWillSaveAssets                                                                   :        2 samples, Peak.   255 us (1.9x), Avg.   132 us, Total. 263.5 us (0.0%)
[Performance] TerrainModificationProcessor.OnWillSaveAssets                                                                        :        2 samples, Peak.   381 us (2.0x), Avg.   191 us, Total. 381.9 us (0.0%)
[Performance] EditorApplication.quitting: Unity.Burst.Editor.BurstLoader.OnEditorApplicationQuitting                               :        1 samples, Peak.  20.4 us (1.0x), Avg.  20.4 us, Total. 20.40 us (0.0%)
[Performance] EditorApplication.quitting: InspectorHistory.HistoryData.OnEditorQuitting                                            :        1 samples, Peak.  2.50 ms (1.0x), Avg.  2.50 ms, Total. 2.505 ms (0.0%)
[Performance] EditorApplication.quitting: MCPForUnity.Editor.Services.StdioBridgeReloadHandler.CancelRetries                       :        1 samples, Peak.   125 us (1.0x), Avg.   125 us, Total. 124.7 us (0.0%)
[Performance] EditorApplication.quitting: MCPForUnity.Editor.Services.McpEditorShutdownCleanup.OnEditorQuitting                    :        1 samples, Peak.  49.7 ms (1.0x), Avg.  49.7 ms, Total. 49.71 ms (0.5%)
[Performance] EditorApplication.quitting: callback in UnityEditor.TextCore.Text.EditorEventCallbacks                               :        1 samples, Peak.  5.20 ms (1.0x), Avg.  5.20 ms, Total. 5.205 ms (0.1%)
[Performance] Application.Shutdown.PauseProfilerSession                                                                            :        1 samples, Peak.  29.8 us (1.0x), Avg.  29.8 us, Total. 29.80 us (0.0%)
[Performance] Application.Shutdown.PauseAssetImportWorkers                                                                         :        1 samples, Peak.   109 us (1.0x), Avg.   109 us, Total. 109.5 us (0.0%)
[Performance] Application.Shutdown.SaveAssets                                                                                      :        1 samples, Peak.  2.87 ms (1.0x), Avg.  2.87 ms, Total. 2.874 ms (0.0%)
[Performance] Application.Shutdown.CleanupRenderPipeline                                                                           :        1 samples, Peak.  6.40 us (1.0x), Avg.  6.40 us, Total. 6.400 us (0.0%)
[Performance] Application.Shutdown.StopPreloadManager                                                                              :        1 samples, Peak.  9.77 ms (1.0x), Avg.  9.77 ms, Total. 9.768 ms (0.1%)
[Performance] Application.Shutdown.DestroyWorld                                                                                    :        1 samples, Peak.   451 us (1.0x), Avg.   451 us, Total. 450.6 us (0.0%)
[Performance] Application.Shutdown.CleanupAfterLoad                                                                                :        1 samples, Peak.   119 ms (1.0x), Avg.   119 ms, Total. 118.9 ms (1.3%)
[Performance] Application.Shutdown.Progress                                                                                        :        1 samples, Peak.  6.00 us (1.0x), Avg.  6.00 us, Total. 6.000 us (0.0%)
[Performance] Application.Shutdown.GICleanupManagers                                                                               :        1 samples, Peak.   586 us (1.0x), Avg.   586 us, Total. 586.2 us (0.0%)
[Performance] Application.Shutdown.MenuCleanupClass                                                                                :        1 samples, Peak.   163 us (1.0x), Avg.   163 us, Total. 163.2 us (0.0%)
[Performance] Application.Shutdown.ADBSaveStateBeforeShutdown                                                                      :        1 samples, Peak.  8.30 us (1.0x), Avg.  8.30 us, Total. 8.300 us (0.0%)
[Performance] Application.Shutdown.RemoteShutdown                                                                                  :        1 samples, Peak.   900 ns (1.0x), Avg.   900 ns, Total. 900.0 ns (0.0%)
[Performance] Application.Shutdown.CleanupVCProvider                                                                               :        1 samples, Peak.  8.00 us (1.0x), Avg.  8.00 us, Total. 8.000 us (0.0%)
[Performance] Application.Shutdown.InputShutdown                                                                                   :        1 samples, Peak.   400 ns (1.0x), Avg.   400 ns, Total. 400.0 ns (0.0%)
[Performance] Application.Shutdown.GizmoManagerDestroy                                                                             :        1 samples, Peak.   765 us (1.0x), Avg.   765 us, Total. 764.8 us (0.0%)
[Performance] Application.Shutdown.ProfilerSession                                                                                 :        1 samples, Peak.   190 us (1.0x), Avg.   190 us, Total. 190.2 us (0.0%)
[Performance] Application.Shutdown.ReleaseGfxWindowOnAllGUIViews                                                                   :        1 samples, Peak.   300 ns (1.0x), Avg.   300 ns, Total. 300.0 ns (0.0%)
[Performance] Application.Shutdown.CleanupEngine                                                                                   :        1 samples, Peak.  93.7 ms (1.0x), Avg.  93.7 ms, Total. 93.75 ms (1.0%)
[Performance] Application.Shutdown.CleanupAssetDatabase                                                                            :        1 samples, Peak.  4.48 ms (1.0x), Avg.  4.48 ms, Total. 4.482 ms (0.0%)
[Performance] Application.Shutdown.ScriptCompilationCleanUp                                                                        :        1 samples, Peak.  15.2 ms (1.0x), Avg.  15.2 ms, Total. 15.15 ms (0.2%)
[Performance] Application.Shutdown.DestroyJobSystem                                                                                :        1 samples, Peak.  79.1 us (1.0x), Avg.  79.1 us, Total. 79.10 us (0.0%)
[Performance] Application.Shutdown.CleanupPersistentManager                                                                        :        1 samples, Peak.  1.37 ms (1.0x), Avg.  1.37 ms, Total. 1.369 ms (0.0%)
[Performance] Application.Shutdown.CleanupAsyncReadManager                                                                         :        1 samples, Peak.   344 us (1.0x), Avg.   344 us, Total. 344.2 us (0.0%)
[Performance] Application.Shutdown.CleanupProgressBar                                                                              :        1 samples, Peak.   400 ns (1.0x), Avg.   400 ns, Total. 400.0 ns (0.0%)
[Performance] Application.Shutdown.CleanupMono                                                                                     :        1 samples, Peak.  71.7 ms (1.0x), Avg.  71.7 ms, Total. 71.67 ms (0.8%)
[Performance] Application.Shutdown.CleanupStdConverters                                                                            :        1 samples, Peak.  7.90 us (1.0x), Avg.  7.90 us, Total. 7.900 us (0.0%)
[Performance] Application.Shutdown.UnloadAllPlatformSupportModuleNativeDlls                                                        :        1 samples, Peak.   800 ns (1.0x), Avg.   800 ns, Total. 800.0 ns (0.0%)
[Performance] Application.Shutdown.UnloadAllPlatformSupportNativeLibraries                                                         :        1 samples, Peak. 100.0 ns (1.0x), Avg. 100.0 ns, Total. 100.00 ns (0.0%)
[Performance] Application.Shutdown.CleanupAutoDocumentation                                                                        :        1 samples, Peak.   321 us (1.0x), Avg.   321 us, Total. 320.8 us (0.0%)
[Performance] Application.Shutdown.ShaderNameManagerDestroy                                                                        :        1 samples, Peak.  48.2 us (1.0x), Avg.  48.2 us, Total. 48.20 us (0.0%)
[Performance] Application.Shutdown.CleanupCacheServer                                                                              :        1 samples, Peak. 0.0 (-nan(ind)x), Avg. 0.0, Total. 0.0 (0.0%)
[Performance] Application.Shutdown.Virtualization_Shutdown                                                                         :        1 samples, Peak.   400 ns (1.0x), Avg.   400 ns, Total. 400.0 ns (0.0%)
[Performance] Application.Shutdown.DevConnections                                                                                  :        1 samples, Peak.   122 us (1.0x), Avg.   122 us, Total. 122.0 us (0.0%)
Exiting batchmode successfully now!
Exiting without the bug reporter. Application will terminate with return code 0