[Licensing::Module] Trying to connect to existing licensing client channel...
[Licensing::IpcConnector] Successfully connected to: "LicenseClient-TU" at "2026-09-08T03:21:25.2313267Z"
[Licensing::Client] Code 1 while verifying Licensing Client signature (process Id: 29864, path: "C:/Program Files/Unity Hub/UnityLicensingClient_V1/Unity.Licensing.Client.exe")
[Licensing::Module] LicensingClient has failed validation; ignoring
[Licensing::Client] Error: HandshakeResponse reported an error:
	ResponseCode: 505
	ResponseStatus: Unsupported protocol version '1.16.2'.
[Licensing::Module] Error: Failed to handshake to channel: "LicenseClient-TU"
[Licensing::IpcConnector] LicenseClient-TU channel disconnected successfully.
[Licensing::IpcConnector] Channel LicenseClient-TU-2022.3.62 doesn't exist
[Licensing::Module] Successfully launched the LicensingClient (PId: 6460)
[Licensing::IpcConnector] Successfully connected to: "LicenseClient-TU-2022.3.62" at "2026-09-08T03:21:25.8303458Z"
[Licensing::Client] Code 10 while verifying Licensing Client signature (process Id: 6460, path: "C:/Program Files/Unity/Hub/Editor/2022.3.62f2c1/Editor/Data/Resources/Licensing/Client/Unity.Licensing.Client.exe")
[Licensing::Module] LicensingClient has failed validation; ignoring
[Licensing::Client] Handshaking with LicensingClient:
  Version:                 1.16.2+bdef8f5
  Session Id:              86d56b66b16f4235b75320e16562eecd
  Correlation Id:          3297e4d1a370f809711773e2e009f1ea
  External correlation Id: 1204199557068961766
  Machine Id:              azY4HWpR3RtveRA7UaiEFjOebPg=
[Licensing::Module] Successfully connected to LicensingClient on channel: "LicenseClient-TU-2022.3.62" (connect: 0.57s, validation: 0.05s, handshake: 0.03s)
[Licensing::IpcConnector] Successfully connected to: "LicenseClient-TU-2022.3.62-notifications" at "2026-09-08T03:21:25.9110823Z"
[Licensing::Module] Connected to LicensingClient (PId: 6460, launch time: 0.01, total connection time: 0.65s)
[Licensing::Module] Error: Access token is unavailable; failed to update
[Licensing::Client] Successfully updated license
Built from '2022.3/china_unity/release' branch; Version is '2022.3.62f2c1 (92e6e6be66dc) revision 9627366'; Using compiler version '192829333'; Build Type 'Release'
OS: 'Windows 11  (10.0.26200) 64bit Professional' Language: 'zh' Physical Memory: 32103 MB
[Licensing::Client] Successfully resolved entitlement details
[Licensing::Module] Serial number assigned to: "F4-BA93-484W-WE6V-GNBR-XXXX"
BatchMode: 1, IsHumanControllingUs: 0, StartBugReporterOnCrash: 0, Is64bit: 1, IsPro: 0
[Licensing::Client] Successfully resolved entitlement details

COMMAND LINE ARGUMENTS:
C:\Program Files\Unity\Hub\Editor\2022.3.62f2c1\Editor\Unity.exe
-batchmode
-quit
-projectPath
C:\Users\TU\Desktop\GooseMergeDemoProject
-executeMethod
GooseMergeDemoBuild.BuildWindows
-logFile
C:\Users\TU\Desktop\GooseMergeDemoProject\build6.log
Successfully changed project path to: C:\Users\TU\Desktop\GooseMergeDemoProject
C:/Users/TU/Desktop/GooseMergeDemoProject
[UnityMemory] Configuration Parameters - Can be set up in boot.config
    "memorysetup-bucket-allocator-granularity=16"
    "memorysetup-bucket-allocator-bucket-count=8"
    "memorysetup-bucket-allocator-block-size=33554432"
    "memorysetup-bucket-allocator-block-count=8"
    "memorysetup-main-allocator-block-size=16777216"
    "memorysetup-thread-allocator-block-size=16777216"
    "memorysetup-gfx-main-allocator-block-size=16777216"
    "memorysetup-gfx-thread-allocator-block-size=16777216"
    "memorysetup-cache-allocator-block-size=4194304"
    "memorysetup-typetree-allocator-block-size=2097152"
    "memorysetup-profiler-bucket-allocator-granularity=16"
    "memorysetup-profiler-bucket-allocator-bucket-count=8"
    "memorysetup-profiler-bucket-allocator-block-size=33554432"
    "memorysetup-profiler-bucket-allocator-block-count=8"
    "memorysetup-profiler-allocator-block-size=16777216"
    "memorysetup-profiler-editor-allocator-block-size=1048576"
    "memorysetup-temp-allocator-size-main=16777216"
    "memorysetup-job-temp-allocator-block-size=2097152"
    "memorysetup-job-temp-allocator-block-size-background=1048576"
    "memorysetup-job-temp-allocator-reduction-small-platforms=262144"
    "memorysetup-allocator-temp-initial-block-size-main=262144"
    "memorysetup-allocator-temp-initial-block-size-worker=262144"
    "memorysetup-temp-allocator-size-background-worker=32768"
    "memorysetup-temp-allocator-size-job-worker=262144"
    "memorysetup-temp-allocator-size-preload-manager=33554432"
    "memorysetup-temp-allocator-size-nav-mesh-worker=65536"
    "memorysetup-temp-allocator-size-audio-worker=65536"
    "memorysetup-temp-allocator-size-cloud-worker=32768"
    "memorysetup-temp-allocator-size-gi-baking-worker=262144"
    "memorysetup-temp-allocator-size-gfx=262144"
Player connection [39680]  Target information:

Player connection [39680]  * "[IP] 172.16.84.9 [Port] 55504 [Flags] 2 [Guid] 3877625140 [EditorId] 3877625140 [Version] 1048832 [Id] WindowsEditor(7,WINDOWS-KJQRKH1) [Debug] 1 [PackageName] WindowsEditor [ProjectName] Editor" 

Player connection [39680] Host joined multi-casting on [225.0.0.222:54997]...
Player connection [39680] Host joined alternative multi-casting on [225.0.0.222:34997]...
Input System module state changed to: Initialized.
[PhysX] Initialized MultithreadedTaskDispatcher with 14 workers.
[Package Manager] UpmClient::Connect -- Connected to IPC stream "Upm-32236" after 0.3 seconds.
[Package Manager] Restoring resolved packages state from cache
[Licensing::Client] Successfully resolved entitlement details
[Package Manager] Registered 50 packages:
  Packages from [https://packages.unity.cn]:
    com.unity.cinemachine@2.9.7 (location: C:\Users\TU\Desktop\GooseMergeDemoProject\Library\PackageCache\com.unity.cinemachine@2.9.7)
    com.unity.ide.rider@3.0.28 (location: C:\Users\TU\Desktop\GooseMergeDemoProject\Library\PackageCache\com.unity.ide.rider@3.0.28)
    com.unity.ide.visualstudio@2.0.22 (location: C:\Users\TU\Desktop\GooseMergeDemoProject\Library\PackageCache\com.unity.ide.visualstudio@2.0.22)
    com.unity.ide.vscode@1.2.5 (location: C:\Users\TU\Desktop\GooseMergeDemoProject\Library\PackageCache\com.unity.ide.vscode@1.2.5)
    com.unity.memoryprofiler@1.1.12 (location: C:\Users\TU\Desktop\GooseMergeDemoProject\Library\PackageCache\com.unity.memoryprofiler@1.1.12)
    com.unity.mobile.android-logcat@1.4.4 (location: C:\Users\TU\Desktop\GooseMergeDemoProject\Library\PackageCache\com.unity.mobile.android-logcat@1.4.4)
    com.unity.nuget.newtonsoft-json@3.2.2 (location: C:\Users\TU\Desktop\GooseMergeDemoProject\Library\PackageCache\com.unity.nuget.newtonsoft-json@3.2.2)
    com.unity.scriptablebuildpipeline@1.21.21 (location: C:\Users\TU\Desktop\GooseMergeDemoProject\Library\PackageCache\com.unity.scriptablebuildpipeline@1.21.21)
    com.unity.textmeshpro@3.0.9 (location: C:\Users\TU\Desktop\GooseMergeDemoProject\Library\PackageCache\com.unity.textmeshpro@3.0.9)
    com.unity.timeline@1.7.6 (location: C:\Users\TU\Desktop\GooseMergeDemoProject\Library\PackageCache\com.unity.timeline@1.7.6)
    com.unity.toolchain.win-x86_64-linux-x86_64@2.0.9 (location: C:\Users\TU\Desktop\GooseMergeDemoProject\Library\PackageCache\com.unity.toolchain.win-x86_64-linux-x86_64@2.0.9)
    com.unity.sysroot@2.0.10 (location: C:\Users\TU\Desktop\GooseMergeDemoProject\Library\PackageCache\com.unity.sysroot@2.0.10)
    com.unity.sysroot.linux-x86_64@2.0.9 (location: C:\Users\TU\Desktop\GooseMergeDemoProject\Library\PackageCache\com.unity.sysroot.linux-x86_64@2.0.9)
    com.unity.burst@1.8.21 (location: C:\Users\TU\Desktop\GooseMergeDemoProject\Library\PackageCache\com.unity.burst@1.8.21)
    com.unity.collections@1.2.4 (location: C:\Users\TU\Desktop\GooseMergeDemoProject\Library\PackageCache\com.unity.collections@1.2.4)
    com.unity.mathematics@1.2.6 (location: C:\Users\TU\Desktop\GooseMergeDemoProject\Library\PackageCache\com.unity.mathematics@1.2.6)
    com.unity.profiling.core@1.0.2 (location: C:\Users\TU\Desktop\GooseMergeDemoProject\Library\PackageCache\com.unity.profiling.core@1.0.2)
    com.unity.editorcoroutines@1.0.0 (location: C:\Users\TU\Desktop\GooseMergeDemoProject\Library\PackageCache\com.unity.editorcoroutines@1.0.0)
    com.unity.test-framework@1.1.33 (location: C:\Users\TU\Desktop\GooseMergeDemoProject\Library\PackageCache\com.unity.test-framework@1.1.33)
    com.unity.ext.nunit@1.0.6 (location: C:\Users\TU\Desktop\GooseMergeDemoProject\Library\PackageCache\com.unity.ext.nunit@1.0.6)
  Built-in packages:
    com.unity.2d.sprite@1.0.0 (location: C:\Users\TU\Desktop\GooseMergeDemoProject\Library\PackageCache\com.unity.2d.sprite@1.0.0)
    com.unity.ugui@1.0.0 (location: C:\Users\TU\Desktop\GooseMergeDemoProject\Library\PackageCache\com.unity.ugui@1.0.0)
    com.unity.modules.androidjni@1.0.0 (location: C:\Users\TU\Desktop\GooseMergeDemoProject\Library\PackageCache\com.unity.modules.androidjni@1.0.0)
    com.unity.modules.animation@1.0.0 (location: C:\Users\TU\Desktop\GooseMergeDemoProject\Library\PackageCache\com.unity.modules.animation@1.0.0)
    com.unity.modules.assetbundle@1.0.0 (location: C:\Users\TU\Desktop\GooseMergeDemoProject\Library\PackageCache\com.unity.modules.assetbundle@1.0.0)
    com.unity.modules.audio@1.0.0 (location: C:\Users\TU\Desktop\GooseMergeDemoProject\Library\PackageCache\com.unity.modules.audio@1.0.0)
    com.unity.modules.director@1.0.0 (location: C:\Users\TU\Desktop\GooseMergeDemoProject\Library\PackageCache\com.unity.modules.director@1.0.0)
    com.unity.modules.imgui@1.0.0 (location: C:\Users\TU\Desktop\GooseMergeDemoProject\Library\PackageCache\com.unity.modules.imgui@1.0.0)
    com.unity.modules.jsonserialize@1.0.0 (location: C:\Users\TU\Desktop\GooseMergeDemoProject\Library\PackageCache\com.unity.modules.jsonserialize@1.0.0)
    com.unity.modules.particlesystem@1.0.0 (location: C:\Users\TU\Desktop\GooseMergeDemoProject\Library\PackageCache\com.unity.modules.particlesystem@1.0.0)
    com.unity.modules.physics@1.0.0 (location: C:\Users\TU\Desktop\GooseMergeDemoProject\Library\PackageCache\com.unity.modules.physics@1.0.0)
    com.unity.modules.physics2d@1.0.0 (location: C:\Users\TU\Desktop\GooseMergeDemoProject\Library\PackageCache\com.unity.modules.physics2d@1.0.0)
    com.unity.modules.screencapture@1.0.0 (location: C:\Users\TU\Desktop\GooseMergeDemoProject\Library\PackageCache\com.unity.modules.screencapture@1.0.0)
    com.unity.modules.terrain@1.0.0 (location: C:\Users\TU\Desktop\GooseMergeDemoProject\Library\PackageCache\com.unity.modules.terrain@1.0.0)
    com.unity.modules.terrainphysics@1.0.0 (location: C:\Users\TU\Desktop\GooseMergeDemoProject\Library\PackageCache\com.unity.modules.terrainphysics@1.0.0)
    com.unity.modules.tilemap@1.0.0 (location: C:\Users\TU\Desktop\GooseMergeDemoProject\Library\PackageCache\com.unity.modules.tilemap@1.0.0)
    com.unity.modules.ui@1.0.0 (location: C:\Users\TU\Desktop\GooseMergeDemoProject\Library\PackageCache\com.unity.modules.ui@1.0.0)
    com.unity.modules.uielements@1.0.0 (location: C:\Users\TU\Desktop\GooseMergeDemoProject\Library\PackageCache\com.unity.modules.uielements@1.0.0)
    com.unity.modules.umbra@1.0.0 (location: C:\Users\TU\Desktop\GooseMergeDemoProject\Library\PackageCache\com.unity.modules.umbra@1.0.0)
    com.unity.modules.unitywebrequest@1.0.0 (location: C:\Users\TU\Desktop\GooseMergeDemoProject\Library\PackageCache\com.unity.modules.unitywebrequest@1.0.0)
    com.unity.modules.unitywebrequestassetbundle@1.0.0 (location: C:\Users\TU\Desktop\GooseMergeDemoProject\Library\PackageCache\com.unity.modules.unitywebrequestassetbundle@1.0.0)
    com.unity.modules.unitywebrequestaudio@1.0.0 (location: C:\Users\TU\Desktop\GooseMergeDemoProject\Library\PackageCache\com.unity.modules.unitywebrequestaudio@1.0.0)
    com.unity.modules.unitywebrequesttexture@1.0.0 (location: C:\Users\TU\Desktop\GooseMergeDemoProject\Library\PackageCache\com.unity.modules.unitywebrequesttexture@1.0.0)
    com.unity.modules.unitywebrequestwww@1.0.0 (location: C:\Users\TU\Desktop\GooseMergeDemoProject\Library\PackageCache\com.unity.modules.unitywebrequestwww@1.0.0)
    com.unity.modules.vehicles@1.0.0 (location: C:\Users\TU\Desktop\GooseMergeDemoProject\Library\PackageCache\com.unity.modules.vehicles@1.0.0)
    com.unity.modules.video@1.0.0 (location: C:\Users\TU\Desktop\GooseMergeDemoProject\Library\PackageCache\com.unity.modules.video@1.0.0)
    com.unity.modules.imageconversion@1.0.0 (location: C:\Users\TU\Desktop\GooseMergeDemoProject\Library\PackageCache\com.unity.modules.imageconversion@1.0.0)
  Git packages:
    com.adamgryu.inspectorhistory@https://github.com/adamgryu/InspectorHistory-Unity.git (location: C:\Users\TU\Desktop\GooseMergeDemoProject\Library\PackageCache\com.adamgryu.inspectorhistory@9bf6147820)
    com.code-philosophy.hybridclr@https://gitee.com/focus-creative-games/hybridclr_unity.git (location: C:\Users\TU\Desktop\GooseMergeDemoProject\Library\PackageCache\com.code-philosophy.hybridclr@7a0032934b)
    com.coplaydev.unity-mcp@https://github.com/CoplayDev/unity-mcp.git?path=/MCPForUnity#main (location: C:\Users\TU\Desktop\GooseMergeDemoProject\Library\PackageCache\com.coplaydev.unity-mcp@78ee541841)
[Subsystems] No new subsystems found in resolved package list.
Package Manager log level set to [2]
[Package Manager] Done registering packages in 0.07 seconds
Refreshing native plugins compatible for Editor in 7.50 ms, found 0 plugins.
Preloading 0 native plugins for Editor in 0.00 ms.
Initialize engine version: 2022.3.62f2c1 (92e6e6be66dc)
[Subsystems] Discovering subsystems at path C:/Program Files/Unity/Hub/Editor/2022.3.62f2c1/Editor/Data/Resources/UnitySubsystems
[Subsystems] Discovering subsystems at path C:/Users/TU/Desktop/GooseMergeDemoProject/Assets
GfxDevice: creating device client; threaded=0; jobified=0
Direct3D:
    Version:  Direct3D 11.0 [level 11.1]
    Renderer: NVIDIA GeForce RTX 5060 (ID=0x2d05)
    Vendor:   NVIDIA
    VRAM:     7895 MB
    Driver:   32.0.16.1088
[Licensing::Client] Successfully resolved entitlement details
Initialize mono
Mono path[0] = 'C:/Program Files/Unity/Hub/Editor/2022.3.62f2c1/Editor/Data/Managed'
Mono path[1] = 'C:/Program Files/Unity/Hub/Editor/2022.3.62f2c1/Editor/Data/MonoBleedingEdge/lib/mono/unityjit-win32'
Mono config path = 'C:/Program Files/Unity/Hub/Editor/2022.3.62f2c1/Editor/Data/MonoBleedingEdge/etc'
Using monoOptions --debugger-agent=transport=dt_socket,embedding=1,server=y,suspend=n,address=127.0.0.1:56236
Using cacheserver namespaces - metadata:defaultmetadata, artifacts:defaultartifacts
Using cacheserver namespaces - metadata:defaultmetadata, artifacts:defaultartifacts
ImportWorker Server TCP listen port: 0
Begin MonoManager ReloadAssembly
Registering precompiled unity dll's ...
Register platform support module: C:/Program Files/Unity/Hub/Editor/2022.3.62f2c1/Editor/Data/PlaybackEngines/WindowsStandaloneSupport/UnityEditor.WindowsStandalone.Extensions.dll
Registered in 0.010617 seconds.
- Loaded All Assemblies, in  0.257 seconds
Native extension for WindowsStandalone target not found
Mono: successfully reloaded assembly
- Finished resetting the current domain, in  0.165 seconds
Domain Reload Profiling: 419ms
	BeginReloadAssembly (79ms)
		ExecutionOrderSort (0ms)
		DisableScriptedObjects (0ms)
		BackupInstance (0ms)
		ReleaseScriptingObjects (0ms)
		CreateAndSetChildDomain (1ms)
	RebuildCommonClasses (23ms)
	RebuildNativeTypeToScriptingClass (6ms)
	initialDomainReloadingComplete (53ms)
	LoadAllAssembliesAndSetupDomain (93ms)
		LoadAssemblies (76ms)
		RebuildTransferFunctionScriptingTraits (0ms)
		AnalyzeDomain (92ms)
			TypeCache.Refresh (91ms)
				TypeCache.ScanAssembly (81ms)
			ScanForSourceGeneratedMonoScriptInfo (0ms)
			ResolveRequiredComponents (0ms)
	FinalizeReload (166ms)
		ReleaseScriptCaches (0ms)
		RebuildScriptCaches (0ms)
		SetupLoadedEditorAssemblies (136ms)
			LogAssemblyErrors (0ms)
			InitializePlatformSupportModulesInManaged (10ms)
			SetLoadedEditorAssemblies (5ms)
			RefreshPlugins (0ms)
			BeforeProcessingInitializeOnLoad (1ms)
			ProcessInitializeOnLoadAttributes (89ms)
			ProcessInitializeOnLoadMethodAttributes (31ms)
			AfterProcessingInitializeOnLoad (0ms)
			EditorAssembliesLoaded (0ms)
		ExecutionOrderSort2 (0ms)
		AwakeInstancesAfterBackupRestoration (0ms)
[Licensing::Client] Successfully resolved entitlement details
Application.AssetDatabase Initial Refresh Start
[ScriptCompilation] Requested script compilation because: Assetdatabase observed changes in script compilation related files
Starting: C:\Program Files\Unity\Hub\Editor\2022.3.62f2c1\Editor\Data\bee_backend.exe --ipc --defer-dag-verification --dagfile="Library/Bee/1900b0aE.dag" --continue-on-failure --profile="Library/Bee/backend1.traceevents" ScriptAssemblies
WorkingDir: C:/Users/TU/Desktop/GooseMergeDemoProject
DisplayProgressbar: Compiling Scripts
ExitCode: 0 Duration: 1s105ms
[408/512    0s] ILPP-Configuration Library/ilpp-configuration.nevergeneratedoutput
[508/512    0s] Csc Library/Bee/artifacts/1900b0aE.dag/Assembly-CSharp-Editor.dll (+2 others)
[509/512    0s] ILPostProcess Library/Bee/artifacts/1900b0aE.dag/post-processed/Assembly-CSharp-Editor.dll (+pdb)
Processing assembly Library/Bee/artifacts/1900b0aE.dag/Assembly-CSharp-Editor.dll, with 134 defines and 252 references

processors: zzzUnity.Burst.CodeGen.BurstILPostProcessor

running zzzUnity.Burst.CodeGen.BurstILPostProcessor
[510/512    0s] CopyFiles Library/ScriptAssemblies/Assembly-CSharp-Editor.dll
[511/512    0s] CopyFiles Library/ScriptAssemblies/Assembly-CSharp-Editor.pdb
*** Tundra build success (1.07 seconds), 5 items updated, 512 evaluated
AssetDatabase: script compilation time: 1.550336s
Begin MonoManager ReloadAssembly
- Loaded All Assemblies, in  0.414 seconds
Refreshing native plugins compatible for Editor in 3.74 ms, found 0 plugins.
Preloading 0 native plugins for Editor in 0.00 ms.
Start importing Assets/Editor/GooseMergeDemoBuild.cs using Guid(254723707f58a4f4882be00c60cfe33d) Importer(-1,00000000000000000000000000000000) [PhysX] Initialized MultithreadedTaskDispatcher with 14 workers.
 -> (artifact id: 'b765751d9fcf92d2fcf958c4c81a9a5d') in 0.011128 seconds
Refreshing native plugins compatible for Editor in 3.02 ms, found 0 plugins.
Native extension for WindowsStandalone target not found
Mono: successfully reloaded assembly
- Finished resetting the current domain, in  2.167 seconds
Domain Reload Profiling: 2575ms
	BeginReloadAssembly (111ms)
		ExecutionOrderSort (0ms)
		DisableScriptedObjects (3ms)
		BackupInstance (0ms)
		ReleaseScriptingObjects (0ms)
		CreateAndSetChildDomain (19ms)
	RebuildCommonClasses (22ms)
	RebuildNativeTypeToScriptingClass (5ms)
	initialDomainReloadingComplete (28ms)
	LoadAllAssembliesAndSetupDomain (242ms)
		LoadAssemblies (234ms)
		RebuildTransferFunctionScriptingTraits (0ms)
		AnalyzeDomain (70ms)
			TypeCache.Refresh (58ms)
				TypeCache.ScanAssembly (47ms)
			ScanForSourceGeneratedMonoScriptInfo (9ms)
			ResolveRequiredComponents (2ms)
	FinalizeReload (2167ms)
		ReleaseScriptCaches (0ms)
		RebuildScriptCaches (0ms)
		SetupLoadedEditorAssemblies (2089ms)
			LogAssemblyErrors (0ms)
			InitializePlatformSupportModulesInManaged (8ms)
			SetLoadedEditorAssemblies (3ms)
			RefreshPlugins (0ms)
			BeforeProcessingInitializeOnLoad (51ms)
			ProcessInitializeOnLoadAttributes (1985ms)
			ProcessInitializeOnLoadMethodAttributes (32ms)
			AfterProcessingInitializeOnLoad (10ms)
			EditorAssembliesLoaded (0ms)
		ExecutionOrderSort2 (0ms)
		AwakeInstancesAfterBackupRestoration (6ms)
Refreshing native plugins compatible for Editor in 3.12 ms, found 0 plugins.
Preloading 0 native plugins for Editor in 0.00 ms.
Asset Pipeline Refresh (id=a7e3521ce7debe043b74741330490d66): Total: 4.990 seconds - Initiated by InitialRefreshV2(ForceSynchronousImport)
	Summary:
		Imports: total=1 (actual=1, local cache=0, cache server=0)
		Asset DB Process Time: managed=1 ms, native=697 ms
		Asset DB Callback time: managed=59 ms, native=6 ms
		Scripting: domain reloads=1, domain reload time=2639 ms, compile time=1552 ms, other=33 ms
		Project Asset Count: scripts=3076, non-scripts=591
		Asset File Changes: new=0, changed=1, moved=0, deleted=0
		Scan Filter Count: 0
	InvokeBeforeRefreshCallbacks: 0.871ms
	ApplyChangesToAssetFolders: 0.045ms
	Scan: 82.152ms
	OnSourceAssetsModified: 1.825ms
	GetAllGuidsForCategorization: 0.437ms
	CategorizeAssets: 35.381ms
	ImportOutOfDateAssets: 2203.845ms (625.508ms without children)
		ImportManagerImport: 15.374ms (3.990ms without children)
			ImportInProcess: 11.364ms
			UpdateCategorizedAssets: 0.020ms
		CompileScripts: 1551.678ms
		ReloadNativeAssets: 0.001ms
		UnloadImportedAssets: 9.538ms
		ReloadImportedAssets: 0.306ms
		EnsureUptoDateAssetsAreRegisteredWithGuidPM: 0.811ms
		InitializingProgressBar: 0.000ms
		PostProcessAllAssetNotificationsAddChangedAssets: 0.000ms
		OnDemandSchedulerStart: 0.628ms
	PostProcessAllAssets: 60.080ms
	Hotreload: 3.424ms
	GatherAllCurrentPrimaryArtifactRevisions: 0.000ms
	UnloadStreamsBegin: 0.198ms
	PersistCurrentRevisions: 0.152ms
	UnloadStreamsEnd: 0.018ms
	GenerateScriptTypeHashes: 0.357ms
	Untracked: 2601.575ms
Application.AssetDatabase Initial Refresh End
Launched and connected shader compiler UnityShaderCompiler.exe after 0.05 seconds
Scanning for USB devices : 4.176ms
Initializing Unity extensions:
[Licensing::Client] Successfully resolved entitlement details
[MODES] ModeService[none].Initialize
[MODES] ModeService[none].LoadModes
[MODES] Loading mode Default (0) for mode-current-id-TheWar
[PhysX] Initialized MultithreadedTaskDispatcher with 14 workers.
ProgressiveSceneManager::Cancel()
Unloading 5 Unused Serialized files (Serialized files now loaded: 0)
Unloading 67 unused Assets / (0.5 MB). Loaded Objects now: 2990.
Memory consumption went from 107.1 MB to 106.6 MB.
Total: 3.329700 ms (FindLiveObjects: 0.151800 ms CreateObjectMapping: 0.038700 ms MarkObjects: 2.902000 ms  DeleteObjects: 0.235800 ms)

Goose Merge Demo scripting backend: Mono2x
0x00007ff7482effdd (Unity) StackWalker::GetCurrentCallstack
0x00007ff7482f50b9 (Unity) StackWalker::ShowCallstack
0x00007ff7492b3f71 (Unity) GetStacktrace
0x00007ff749966cfe (Unity) DebugStringToFile
0x00007ff74731772a (Unity) DebugLogHandler_CUSTOM_Internal_Log
0x00000249f1310fc3 (Mono JIT Code) (wrapper managed-to-native) UnityEngine.DebugLogHandler:Internal_Log (UnityEngine.LogType,UnityEngine.LogOption,string,UnityEngine.Object)
0x00000249f1310edb (Mono JIT Code) UnityEngine.DebugLogHandler:LogFormat (UnityEngine.LogType,UnityEngine.Object,string,object[])
0x00000249f1310c20 (Mono JIT Code) UnityEngine.Logger:Log (UnityEngine.LogType,object)
0x00000249f1310ae8 (Mono JIT Code) UnityEngine.Debug:Log (object)
0x00000249af28fbc3 (Mono JIT Code) GooseMergeDemoBuild:BuildWindows () (at C:/Users/TU/Desktop/GooseMergeDemoProject/Assets/Editor/GooseMergeDemoBuild.cs:18)
0x00000249f1310085 (Mono JIT Code) (wrapper runtime-invoke) object:runtime_invoke_void (object,intptr,intptr,intptr)
0x00007ffc84454b7e (mono-2.0-bdwgc) mono_jit_runtime_invoke (at C:/build/output/Unity-Technologies/mono/mono/mini/mini-runtime.c:3445)
0x00007ffc8438d204 (mono-2.0-bdwgc) do_runtime_invoke (at C:/build/output/Unity-Technologies/mono/mono/metadata/object.c:3068)
0x00007ffc8438d37c (mono-2.0-bdwgc) mono_runtime_invoke (at C:/build/output/Unity-Technologies/mono/mono/metadata/object.c:3115)
0x00007ff748208584 (Unity) scripting_method_invoke
0x00007ff7481e4eb4 (Unity) ScriptingInvocation::Invoke
0x00007ff748e485d3 (Unity) Application::ParseARGVCommands
0x00007ff748e3de23 (Unity) Application::FinishLoadingProject
0x00007ff7492bec59 (Unity) WinMain
0x00007ff74a6821fe (Unity) __scrt_common_main_seh
0x00007ffd8587ccb7 (KERNEL32) BaseThreadInitThunk
0x00007ffd8626ad6c (ntdll) RtlUserThreadStart

[BashUtil] RemoveDir dir:HybridCLRData/AssembliesPostIl2CppStrip/StandaloneWindows64
0x00007ff7482effdd (Unity) StackWalker::GetCurrentCallstack
0x00007ff7482f50b9 (Unity) StackWalker::ShowCallstack
0x00007ff7492b3f71 (Unity) GetStacktrace
0x00007ff749966cfe (Unity) DebugStringToFile
0x00007ff74731772a (Unity) DebugLogHandler_CUSTOM_Internal_Log
0x00000249f1310fc3 (Mono JIT Code) (wrapper managed-to-native) UnityEngine.DebugLogHandler:Internal_Log (UnityEngine.LogType,UnityEngine.LogOption,string,UnityEngine.Object)
0x00000249f1310edb (Mono JIT Code) UnityEngine.DebugLogHandler:LogFormat (UnityEngine.LogType,UnityEngine.Object,string,object[])
0x00000249f1310c20 (Mono JIT Code) UnityEngine.Logger:Log (UnityEngine.LogType,object)
0x00000249f1310ae8 (Mono JIT Code) UnityEngine.Debug:Log (object)
0x00000249f4e4e793 (Mono JIT Code) HybridCLR.Editor.Installer.BashUtil:RemoveDir (string,bool) (at ./Library/PackageCache/com.code-philosophy.hybridclr@7a0032934b/Editor/Installer/BashUtil.cs:68)
0x00000249f4e4e6c3 (Mono JIT Code) HybridCLR.Editor.Installer.BashUtil:RecreateDir (string) (at ./Library/PackageCache/com.code-philosophy.hybridclr@7a0032934b/Editor/Installer/BashUtil.cs:103)
0x00000249f4e4dedb (Mono JIT Code) HybridCLR.Editor.BuildProcessors.CopyStrippedAOTAssemblies:OnPreprocessBuild (UnityEditor.Build.Reporting.BuildReport) (at ./Library/PackageCache/com.code-philosophy.hybridclr@7a0032934b/Editor/BuildProcessors/CopyStrippedAOTAssemblies.cs:132)
0x00000249f4e4a3cd (Mono JIT Code) UnityEditor.Build.BuildPipelineInterfaces/<>c__DisplayClass16_0:<OnBuildPreProcess>b__1 (UnityEditor.Build.IPreprocessBuildWithReport)
0x00000249f4e4a02e (Mono JIT Code) UnityEditor.Build.BuildPipelineInterfaces:InvokeCallbackInterfacesPair<T1_REF, T2_REF> (System.Collections.Generic.List`1<T1_REF>,System.Action`1<T1_REF>,System.Collections.Generic.List`1<T2_REF>,System.Action`1<T2_REF>,bool)
0x00000249f4e49683 (Mono JIT Code) UnityEditor.Build.BuildPipelineInterfaces:OnBuildPreProcess (UnityEditor.Build.Reporting.BuildReport)
0x00000249463a94d8 (Mono JIT Code) (wrapper runtime-invoke) <Module>:runtime_invoke_void_object (object,intptr,intptr,intptr)
0x00007ffc84454b7e (mono-2.0-bdwgc) mono_jit_runtime_invoke (at C:/build/output/Unity-Technologies/mono/mono/mini/mini-runtime.c:3445)
0x00007ffc8438d204 (mono-2.0-bdwgc) do_runtime_invoke (at C:/build/output/Unity-Technologies/mono/mono/metadata/object.c:3068)
0x00007ffc8438d37c (mono-2.0-bdwgc) mono_runtime_invoke (at C:/build/output/Unity-Technologies/mono/mono/metadata/object.c:3115)
0x00007ff748208584 (Unity) scripting_method_invoke
0x00007ff7481e4eb4 (Unity) ScriptingInvocation::Invoke
0x00007ff7481dff05 (Unity) ScriptingInvocation::Invoke<void>
0x00007ff748330b23 (Unity) Scripting::UnityEditor::Build::BuildPipelineInterfacesProxy::OnBuildPreProcess
0x00007ff749cceb8c (Unity) BuildPlayer
0x00007ff747a76e43 (Unity) BuildPipeline::BuildPlayerInternalNoCheck
0x00007ff74790750c (Unity) BuildPipeline_CUSTOM_BuildPlayerInternalNoCheck
0x00000249f1313a47 (Mono JIT Code) (wrapper managed-to-native) UnityEditor.BuildPipeline:BuildPlayerInternalNoCheck (string[],string,string,UnityEditor.BuildTargetGroup,UnityEditor.BuildTarget,int,UnityEditor.BuildOptions,string[],bool)
0x00000249f13128a3 (Mono JIT Code) UnityEditor.BuildPipeline:BuildPlayerInternal (string[],string,string,UnityEditor.BuildTargetGroup,UnityEditor.BuildTarget,int,UnityEditor.BuildOptions,string[])
0x00000249f1311eeb (Mono JIT Code) UnityEditor.BuildPipeline:BuildPlayer (string[],string,string,UnityEditor.BuildTargetGroup,UnityEditor.BuildTarget,int,UnityEditor.BuildOptions,string[])
0x00000249f1311b5b (Mono JIT Code) UnityEditor.BuildPipeline:BuildPlayer (UnityEditor.BuildPlayerOptions)
0x00000249af28fd83 (Mono JIT Code) GooseMergeDemoBuild:BuildWindows () (at C:/Users/TU/Desktop/GooseMergeDemoProject/Assets/Editor/GooseMergeDemoBuild.cs:30)
0x00000249f1310085 (Mono JIT Code) (wrapper runtime-invoke) object:runtime_invoke_void (object,intptr,intptr,intptr)
0x00007ffc84454b7e (mono-2.0-bdwgc) mono_jit_runtime_invoke (at C:/build/output/Unity-Technologies/mono/mono/mini/mini-runtime.c:3445)
0x00007ffc8438d204 (mono-2.0-bdwgc) do_runtime_invoke (at C:/build/output/Unity-Technologies/mono/mono/metadata/object.c:3068)
0x00007ffc8438d37c (mono-2.0-bdwgc) mono_runtime_invoke (at C:/build/output/Unity-Technologies/mono/mono/metadata/object.c:3115)
0x00007ff748208584 (Unity) scripting_method_invoke
0x00007ff7481e4eb4 (Unity) ScriptingInvocation::Invoke
0x00007ff748e485d3 (Unity) Application::ParseARGVCommands
0x00007ff748e3de23 (Unity) Application::FinishLoadingProject
0x00007ff7492bec59 (Unity) WinMain
0x00007ff74a6821fe (Unity) __scrt_common_main_seh
0x00007ffd8587ccb7 (KERNEL32) BaseThreadInitThunk
0x00007ffd8626ad6c (ntdll) RtlUserThreadStart

[CheckSettings] UNITY_IL2CPP_PATH old value:''， new value:'C:\Users\TU\Desktop\GooseMergeDemoProject/HybridCLRData/LocalIl2CppData-WindowsEditor/il2cpp'
0x00007ff7482effdd (Unity) StackWalker::GetCurrentCallstack
0x00007ff7482f50b9 (Unity) StackWalker::ShowCallstack
0x00007ff7492b3f71 (Unity) GetStacktrace
0x00007ff749966cfe (Unity) DebugStringToFile
0x00007ff74731772a (Unity) DebugLogHandler_CUSTOM_Internal_Log
0x00000249f1310fc3 (Mono JIT Code) (wrapper managed-to-native) UnityEngine.DebugLogHandler:Internal_Log (UnityEngine.LogType,UnityEngine.LogOption,string,UnityEngine.Object)
0x00000249f1310edb (Mono JIT Code) UnityEngine.DebugLogHandler:LogFormat (UnityEngine.LogType,UnityEngine.Object,string,object[])
0x00000249f1310c20 (Mono JIT Code) UnityEngine.Logger:Log (UnityEngine.LogType,object)
0x00000249f1310ae8 (Mono JIT Code) UnityEngine.Debug:Log (object)
0x00000249f5e2209b (Mono JIT Code) HybridCLR.Editor.BuildProcessors.CheckSettings:OnPreprocessBuild (UnityEditor.Build.Reporting.BuildReport) (at ./Library/PackageCache/com.code-philosophy.hybridclr@7a0032934b/Editor/BuildProcessors/CheckSettings.cs:44)
0x00000249f4e4a3cd (Mono JIT Code) UnityEditor.Build.BuildPipelineInterfaces/<>c__DisplayClass16_0:<OnBuildPreProcess>b__1 (UnityEditor.Build.IPreprocessBuildWithReport)
0x00000249f4e4a02e (Mono JIT Code) UnityEditor.Build.BuildPipelineInterfaces:InvokeCallbackInterfacesPair<T1_REF, T2_REF> (System.Collections.Generic.List`1<T1_REF>,System.Action`1<T1_REF>,System.Collections.Generic.List`1<T2_REF>,System.Action`1<T2_REF>,bool)
0x00000249f4e49683 (Mono JIT Code) UnityEditor.Build.BuildPipelineInterfaces:OnBuildPreProcess (UnityEditor.Build.Reporting.BuildReport)
0x00000249463a94d8 (Mono JIT Code) (wrapper runtime-invoke) <Module>:runtime_invoke_void_object (object,intptr,intptr,intptr)
0x00007ffc84454b7e (mono-2.0-bdwgc) mono_jit_runtime_invoke (at C:/build/output/Unity-Technologies/mono/mono/mini/mini-runtime.c:3445)
0x00007ffc8438d204 (mono-2.0-bdwgc) do_runtime_invoke (at C:/build/output/Unity-Technologies/mono/mono/metadata/object.c:3068)
0x00007ffc8438d37c (mono-2.0-bdwgc) mono_runtime_invoke (at C:/build/output/Unity-Technologies/mono/mono/metadata/object.c:3115)
0x00007ff748208584 (Unity) scripting_method_invoke
0x00007ff7481e4eb4 (Unity) ScriptingInvocation::Invoke
0x00007ff7481dff05 (Unity) ScriptingInvocation::Invoke<void>
0x00007ff748330b23 (Unity) Scripting::UnityEditor::Build::BuildPipelineInterfacesProxy::OnBuildPreProcess
0x00007ff749cceb8c (Unity) BuildPlayer
0x00007ff747a76e43 (Unity) BuildPipeline::BuildPlayerInternalNoCheck
0x00007ff74790750c (Unity) BuildPipeline_CUSTOM_BuildPlayerInternalNoCheck
0x00000249f1313a47 (Mono JIT Code) (wrapper managed-to-native) UnityEditor.BuildPipeline:BuildPlayerInternalNoCheck (string[],string,string,UnityEditor.BuildTargetGroup,UnityEditor.BuildTarget,int,UnityEditor.BuildOptions,string[],bool)
0x00000249f13128a3 (Mono JIT Code) UnityEditor.BuildPipeline:BuildPlayerInternal (string[],string,string,UnityEditor.BuildTargetGroup,UnityEditor.BuildTarget,int,UnityEditor.BuildOptions,string[])
0x00000249f1311eeb (Mono JIT Code) UnityEditor.BuildPipeline:BuildPlayer (string[],string,string,UnityEditor.BuildTargetGroup,UnityEditor.BuildTarget,int,UnityEditor.BuildOptions,string[])
0x00000249f1311b5b (Mono JIT Code) UnityEditor.BuildPipeline:BuildPlayer (UnityEditor.BuildPlayerOptions)
0x00000249af28fd83 (Mono JIT Code) GooseMergeDemoBuild:BuildWindows () (at C:/Users/TU/Desktop/GooseMergeDemoProject/Assets/Editor/GooseMergeDemoBuild.cs:30)
0x00000249f1310085 (Mono JIT Code) (wrapper runtime-invoke) object:runtime_invoke_void (object,intptr,intptr,intptr)
0x00007ffc84454b7e (mono-2.0-bdwgc) mono_jit_runtime_invoke (at C:/build/output/Unity-Technologies/mono/mono/mini/mini-runtime.c:3445)
0x00007ffc8438d204 (mono-2.0-bdwgc) do_runtime_invoke (at C:/build/output/Unity-Technologies/mono/mono/metadata/object.c:3068)
0x00007ffc8438d37c (mono-2.0-bdwgc) mono_runtime_invoke (at C:/build/output/Unity-Technologies/mono/mono/metadata/object.c:3115)
0x00007ff748208584 (Unity) scripting_method_invoke
0x00007ff7481e4eb4 (Unity) ScriptingInvocation::Invoke
0x00007ff748e485d3 (Unity) Application::ParseARGVCommands
0x00007ff748e3de23 (Unity) Application::FinishLoadingProject
0x00007ff7492bec59 (Unity) WinMain
0x00007ff74a6821fe (Unity) __scrt_common_main_seh
0x00007ffd8587ccb7 (KERNEL32) BaseThreadInitThunk
0x00007ffd8626ad6c (ntdll) RtlUserThreadStart

[CheckSettings] current ScriptingBackend:Mono2x，have been switched to:IL2CPP automatically
0x00007ff7482effdd (Unity) StackWalker::GetCurrentCallstack
0x00007ff7482f50b9 (Unity) StackWalker::ShowCallstack
0x00007ff7492b3f71 (Unity) GetStacktrace
0x00007ff749966cfe (Unity) DebugStringToFile
0x00007ff74731772a (Unity) DebugLogHandler_CUSTOM_Internal_Log
0x00000249f1310fc3 (Mono JIT Code) (wrapper managed-to-native) UnityEngine.DebugLogHandler:Internal_Log (UnityEngine.LogType,UnityEngine.LogOption,string,UnityEngine.Object)
0x00000249f1310edb (Mono JIT Code) UnityEngine.DebugLogHandler:LogFormat (UnityEngine.LogType,UnityEngine.Object,string,object[])
0x00000249f1310c20 (Mono JIT Code) UnityEngine.Logger:Log (UnityEngine.LogType,object)
0x00000249f5e23325 (Mono JIT Code) UnityEngine.Debug:LogError (object)
0x00000249f5e2217b (Mono JIT Code) HybridCLR.Editor.BuildProcessors.CheckSettings:OnPreprocessBuild (UnityEditor.Build.Reporting.BuildReport) (at ./Library/PackageCache/com.code-philosophy.hybridclr@7a0032934b/Editor/BuildProcessors/CheckSettings.cs:54)
0x00000249f4e4a3cd (Mono JIT Code) UnityEditor.Build.BuildPipelineInterfaces/<>c__DisplayClass16_0:<OnBuildPreProcess>b__1 (UnityEditor.Build.IPreprocessBuildWithReport)
0x00000249f4e4a02e (Mono JIT Code) UnityEditor.Build.BuildPipelineInterfaces:InvokeCallbackInterfacesPair<T1_REF, T2_REF> (System.Collections.Generic.List`1<T1_REF>,System.Action`1<T1_REF>,System.Collections.Generic.List`1<T2_REF>,System.Action`1<T2_REF>,bool)
0x00000249f4e49683 (Mono JIT Code) UnityEditor.Build.BuildPipelineInterfaces:OnBuildPreProcess (UnityEditor.Build.Reporting.BuildReport)
0x00000249463a94d8 (Mono JIT Code) (wrapper runtime-invoke) <Module>:runtime_invoke_void_object (object,intptr,intptr,intptr)
0x00007ffc84454b7e (mono-2.0-bdwgc) mono_jit_runtime_invoke (at C:/build/output/Unity-Technologies/mono/mono/mini/mini-runtime.c:3445)
0x00007ffc8438d204 (mono-2.0-bdwgc) do_runtime_invoke (at C:/build/output/Unity-Technologies/mono/mono/metadata/object.c:3068)
0x00007ffc8438d37c (mono-2.0-bdwgc) mono_runtime_invoke (at C:/build/output/Unity-Technologies/mono/mono/metadata/object.c:3115)
0x00007ff748208584 (Unity) scripting_method_invoke
0x00007ff7481e4eb4 (Unity) ScriptingInvocation::Invoke
0x00007ff7481dff05 (Unity) ScriptingInvocation::Invoke<void>
0x00007ff748330b23 (Unity) Scripting::UnityEditor::Build::BuildPipelineInterfacesProxy::OnBuildPreProcess
0x00007ff749cceb8c (Unity) BuildPlayer
0x00007ff747a76e43 (Unity) BuildPipeline::BuildPlayerInternalNoCheck
0x00007ff74790750c (Unity) BuildPipeline_CUSTOM_BuildPlayerInternalNoCheck
0x00000249f1313a47 (Mono JIT Code) (wrapper managed-to-native) UnityEditor.BuildPipeline:BuildPlayerInternalNoCheck (string[],string,string,UnityEditor.BuildTargetGroup,UnityEditor.BuildTarget,int,UnityEditor.BuildOptions,string[],bool)
0x00000249f13128a3 (Mono JIT Code) UnityEditor.BuildPipeline:BuildPlayerInternal (string[],string,string,UnityEditor.BuildTargetGroup,UnityEditor.BuildTarget,int,UnityEditor.BuildOptions,string[])
0x00000249f1311eeb (Mono JIT Code) UnityEditor.BuildPipeline:BuildPlayer (string[],string,string,UnityEditor.BuildTargetGroup,UnityEditor.BuildTarget,int,UnityEditor.BuildOptions,string[])
0x00000249f1311b5b (Mono JIT Code) UnityEditor.BuildPipeline:BuildPlayer (UnityEditor.BuildPlayerOptions)
0x00000249af28fd83 (Mono JIT Code) GooseMergeDemoBuild:BuildWindows () (at C:/Users/TU/Desktop/GooseMergeDemoProject/Assets/Editor/GooseMergeDemoBuild.cs:30)
0x00000249f1310085 (Mono JIT Code) (wrapper runtime-invoke) object:runtime_invoke_void (object,intptr,intptr,intptr)
0x00007ffc84454b7e (mono-2.0-bdwgc) mono_jit_runtime_invoke (at C:/build/output/Unity-Technologies/mono/mono/mini/mini-runtime.c:3445)
0x00007ffc8438d204 (mono-2.0-bdwgc) do_runtime_invoke (at C:/build/output/Unity-Technologies/mono/mono/metadata/object.c:3068)
0x00007ffc8438d37c (mono-2.0-bdwgc) mono_runtime_invoke (at C:/build/output/Unity-Technologies/mono/mono/metadata/object.c:3115)
0x00007ff748208584 (Unity) scripting_method_invoke
0x00007ff7481e4eb4 (Unity) ScriptingInvocation::Invoke
0x00007ff748e485d3 (Unity) Application::ParseARGVCommands
0x00007ff748e3de23 (Unity) Application::FinishLoadingProject
0x00007ff7492bec59 (Unity) WinMain
0x00007ff74a6821fe (Unity) __scrt_common_main_seh
0x00007ffd8587ccb7 (KERNEL32) BaseThreadInitThunk
0x00007ffd8626ad6c (ntdll) RtlUserThreadStart

[CheckSettings] No hot update modules configured in HybridCLRSettings
0x00007ff7482effdd (Unity) StackWalker::GetCurrentCallstack
0x00007ff7482f50b9 (Unity) StackWalker::ShowCallstack
0x00007ff7492b3f71 (Unity) GetStacktrace
0x00007ff749966cfe (Unity) DebugStringToFile
0x00007ff74731772a (Unity) DebugLogHandler_CUSTOM_Internal_Log
0x00000249f1310fc3 (Mono JIT Code) (wrapper managed-to-native) UnityEngine.DebugLogHandler:Internal_Log (UnityEngine.LogType,UnityEngine.LogOption,string,UnityEngine.Object)
0x00000249f1310edb (Mono JIT Code) UnityEngine.DebugLogHandler:LogFormat (UnityEngine.LogType,UnityEngine.Object,string,object[])
0x00000249f1310c20 (Mono JIT Code) UnityEngine.Logger:Log (UnityEngine.LogType,object)
0x00000249f5e24e88 (Mono JIT Code) UnityEngine.Debug:LogWarning (object)
0x00000249f5e223ab (Mono JIT Code) HybridCLR.Editor.BuildProcessors.CheckSettings:OnPreprocessBuild (UnityEditor.Build.Reporting.BuildReport) (at ./Library/PackageCache/com.code-philosophy.hybridclr@7a0032934b/Editor/BuildProcessors/CheckSettings.cs:74)
0x00000249f4e4a3cd (Mono JIT Code) UnityEditor.Build.BuildPipelineInterfaces/<>c__DisplayClass16_0:<OnBuildPreProcess>b__1 (UnityEditor.Build.IPreprocessBuildWithReport)
0x00000249f4e4a02e (Mono JIT Code) UnityEditor.Build.BuildPipelineInterfaces:InvokeCallbackInterfacesPair<T1_REF, T2_REF> (System.Collections.Generic.List`1<T1_REF>,System.Action`1<T1_REF>,System.Collections.Generic.List`1<T2_REF>,System.Action`1<T2_REF>,bool)
0x00000249f4e49683 (Mono JIT Code) UnityEditor.Build.BuildPipelineInterfaces:OnBuildPreProcess (UnityEditor.Build.Reporting.BuildReport)
0x00000249463a94d8 (Mono JIT Code) (wrapper runtime-invoke) <Module>:runtime_invoke_void_object (object,intptr,intptr,intptr)
0x00007ffc84454b7e (mono-2.0-bdwgc) mono_jit_runtime_invoke (at C:/build/output/Unity-Technologies/mono/mono/mini/mini-runtime.c:3445)
0x00007ffc8438d204 (mono-2.0-bdwgc) do_runtime_invoke (at C:/build/output/Unity-Technologies/mono/mono/metadata/object.c:3068)
0x00007ffc8438d37c (mono-2.0-bdwgc) mono_runtime_invoke (at C:/build/output/Unity-Technologies/mono/mono/metadata/object.c:3115)
0x00007ff748208584 (Unity) scripting_method_invoke
0x00007ff7481e4eb4 (Unity) ScriptingInvocation::Invoke
0x00007ff7481dff05 (Unity) ScriptingInvocation::Invoke<void>
0x00007ff748330b23 (Unity) Scripting::UnityEditor::Build::BuildPipelineInterfacesProxy::OnBuildPreProcess
0x00007ff749cceb8c (Unity) BuildPlayer
0x00007ff747a76e43 (Unity) BuildPipeline::BuildPlayerInternalNoCheck
0x00007ff74790750c (Unity) BuildPipeline_CUSTOM_BuildPlayerInternalNoCheck
0x00000249f1313a47 (Mono JIT Code) (wrapper managed-to-native) UnityEditor.BuildPipeline:BuildPlayerInternalNoCheck (string[],string,string,UnityEditor.BuildTargetGroup,UnityEditor.BuildTarget,int,UnityEditor.BuildOptions,string[],bool)
0x00000249f13128a3 (Mono JIT Code) UnityEditor.BuildPipeline:BuildPlayerInternal (string[],string,string,UnityEditor.BuildTargetGroup,UnityEditor.BuildTarget,int,UnityEditor.BuildOptions,string[])
0x00000249f1311eeb (Mono JIT Code) UnityEditor.BuildPipeline:BuildPlayer (string[],string,string,UnityEditor.BuildTargetGroup,UnityEditor.BuildTarget,int,UnityEditor.BuildOptions,string[])
0x00000249f1311b5b (Mono JIT Code) UnityEditor.BuildPipeline:BuildPlayer (UnityEditor.BuildPlayerOptions)
0x00000249af28fd83 (Mono JIT Code) GooseMergeDemoBuild:BuildWindows () (at C:/Users/TU/Desktop/GooseMergeDemoProject/Assets/Editor/GooseMergeDemoBuild.cs:30)
0x00000249f1310085 (Mono JIT Code) (wrapper runtime-invoke) object:runtime_invoke_void (object,intptr,intptr,intptr)
0x00007ffc84454b7e (mono-2.0-bdwgc) mono_jit_runtime_invoke (at C:/build/output/Unity-Technologies/mono/mono/mini/mini-runtime.c:3445)
0x00007ffc8438d204 (mono-2.0-bdwgc) do_runtime_invoke (at C:/build/output/Unity-Technologies/mono/mono/metadata/object.c:3068)
0x00007ffc8438d37c (mono-2.0-bdwgc) mono_runtime_invoke (at C:/build/output/Unity-Technologies/mono/mono/metadata/object.c:3115)
0x00007ff748208584 (Unity) scripting_method_invoke
0x00007ff7481e4eb4 (Unity) ScriptingInvocation::Invoke
0x00007ff748e485d3 (Unity) Application::ParseARGVCommands
0x00007ff748e3de23 (Unity) Application::FinishLoadingProject
0x00007ff7492bec59 (Unity) WinMain
0x00007ff74a6821fe (Unity) __scrt_common_main_seh
0x00007ffd8587ccb7 (KERNEL32) BaseThreadInitThunk
0x00007ffd8626ad6c (ntdll) RtlUserThreadStart

[CheckSettings] MethodBridge.cpp DEVELOPMENT flag not found. Please run 'HybridCLR/Generate/All' before building.
0x00007ff7482effdd (Unity) StackWalker::GetCurrentCallstack
0x00007ff7482f50b9 (Unity) StackWalker::ShowCallstack
0x00007ff7492b3f71 (Unity) GetStacktrace
0x00007ff749966cfe (Unity) DebugStringToFile
0x00007ff74731772a (Unity) DebugLogHandler_CUSTOM_Internal_Log
0x00000249f1310fc3 (Mono JIT Code) (wrapper managed-to-native) UnityEngine.DebugLogHandler:Internal_Log (UnityEngine.LogType,UnityEngine.LogOption,string,UnityEngine.Object)
0x00000249f1310edb (Mono JIT Code) UnityEngine.DebugLogHandler:LogFormat (UnityEngine.LogType,UnityEngine.Object,string,object[])
0x00000249f1310c20 (Mono JIT Code) UnityEngine.Logger:Log (UnityEngine.LogType,object)
0x00000249f5e23325 (Mono JIT Code) UnityEngine.Debug:LogError (object)
0x00000249f5e22573 (Mono JIT Code) HybridCLR.Editor.BuildProcessors.CheckSettings:OnPreprocessBuild (UnityEditor.Build.Reporting.BuildReport) (at ./Library/PackageCache/com.code-philosophy.hybridclr@7a0032934b/Editor/BuildProcessors/CheckSettings.cs:92)
0x00000249f4e4a3cd (Mono JIT Code) UnityEditor.Build.BuildPipelineInterfaces/<>c__DisplayClass16_0:<OnBuildPreProcess>b__1 (UnityEditor.Build.IPreprocessBuildWithReport)
0x00000249f4e4a02e (Mono JIT Code) UnityEditor.Build.BuildPipelineInterfaces:InvokeCallbackInterfacesPair<T1_REF, T2_REF> (System.Collections.Generic.List`1<T1_REF>,System.Action`1<T1_REF>,System.Collections.Generic.List`1<T2_REF>,System.Action`1<T2_REF>,bool)
0x00000249f4e49683 (Mono JIT Code) UnityEditor.Build.BuildPipelineInterfaces:OnBuildPreProcess (UnityEditor.Build.Reporting.BuildReport)
0x00000249463a94d8 (Mono JIT Code) (wrapper runtime-invoke) <Module>:runtime_invoke_void_object (object,intptr,intptr,intptr)
0x00007ffc84454b7e (mono-2.0-bdwgc) mono_jit_runtime_invoke (at C:/build/output/Unity-Technologies/mono/mono/mini/mini-runtime.c:3445)
0x00007ffc8438d204 (mono-2.0-bdwgc) do_runtime_invoke (at C:/build/output/Unity-Technologies/mono/mono/metadata/object.c:3068)
0x00007ffc8438d37c (mono-2.0-bdwgc) mono_runtime_invoke (at C:/build/output/Unity-Technologies/mono/mono/metadata/object.c:3115)
0x00007ff748208584 (Unity) scripting_method_invoke
0x00007ff7481e4eb4 (Unity) ScriptingInvocation::Invoke
0x00007ff7481dff05 (Unity) ScriptingInvocation::Invoke<void>
0x00007ff748330b23 (Unity) Scripting::UnityEditor::Build::BuildPipelineInterfacesProxy::OnBuildPreProcess
0x00007ff749cceb8c (Unity) BuildPlayer
0x00007ff747a76e43 (Unity) BuildPipeline::BuildPlayerInternalNoCheck
0x00007ff74790750c (Unity) BuildPipeline_CUSTOM_BuildPlayerInternalNoCheck
0x00000249f1313a47 (Mono JIT Code) (wrapper managed-to-native) UnityEditor.BuildPipeline:BuildPlayerInternalNoCheck (string[],string,string,UnityEditor.BuildTargetGroup,UnityEditor.BuildTarget,int,UnityEditor.BuildOptions,string[],bool)
0x00000249f13128a3 (Mono JIT Code) UnityEditor.BuildPipeline:BuildPlayerInternal (string[],string,string,UnityEditor.BuildTargetGroup,UnityEditor.BuildTarget,int,UnityEditor.BuildOptions,string[])
0x00000249f1311eeb (Mono JIT Code) UnityEditor.BuildPipeline:BuildPlayer (string[],string,string,UnityEditor.BuildTargetGroup,UnityEditor.BuildTarget,int,UnityEditor.BuildOptions,string[])
0x00000249f1311b5b (Mono JIT Code) UnityEditor.BuildPipeline:BuildPlayer (UnityEditor.BuildPlayerOptions)
0x00000249af28fd83 (Mono JIT Code) GooseMergeDemoBuild:BuildWindows () (at C:/Users/TU/Desktop/GooseMergeDemoProject/Assets/Editor/GooseMergeDemoBuild.cs:30)
0x00000249f1310085 (Mono JIT Code) (wrapper runtime-invoke) object:runtime_invoke_void (object,intptr,intptr,intptr)
0x00007ffc84454b7e (mono-2.0-bdwgc) mono_jit_runtime_invoke (at C:/build/output/Unity-Technologies/mono/mono/mini/mini-runtime.c:3445)
0x00007ffc8438d204 (mono-2.0-bdwgc) do_runtime_invoke (at C:/build/output/Unity-Technologies/mono/mono/metadata/object.c:3068)
0x00007ffc8438d37c (mono-2.0-bdwgc) mono_runtime_invoke (at C:/build/output/Unity-Technologies/mono/mono/metadata/object.c:3115)
0x00007ff748208584 (Unity) scripting_method_invoke
0x00007ff7481e4eb4 (Unity) ScriptingInvocation::Invoke
0x00007ff748e485d3 (Unity) Application::ParseARGVCommands
0x00007ff748e3de23 (Unity) Application::FinishLoadingProject
0x00007ff7492bec59 (Unity) WinMain
0x00007ff74a6821fe (Unity) __scrt_common_main_seh
0x00007ffd8587ccb7 (KERNEL32) BaseThreadInitThunk
0x00007ffd8626ad6c (ntdll) RtlUserThreadStart

Start importing ProjectSettings/ProjectSettings.asset using Guid(00000000000000004000000000000000) Importer(-1,00000000000000000000000000000000) [PhysX] Initialized MultithreadedTaskDispatcher with 14 workers.
 -> (artifact id: '199a32852ac51b813c4bb114377f3a2f') in 0.002676 seconds
Refreshing native plugins compatible for Editor in 3.12 ms, found 0 plugins.
Preloading 0 native plugins for Editor in 0.00 ms.
Asset Pipeline Refresh (id=0236d06cd7d23c54d974361776daf3cf): Total: 0.019 seconds - Initiated by StopAssetImportingV2(NoUpdateAssetOptions)
DisplayProgressNotification: Build Failed
Error building Player: Currently selected scripting backend (IL2CPP) is not installed.
Unloading 16 Unused Serialized files (Serialized files now loaded: 0)
Unloading 18 unused Assets / (9.7 KB). Loaded Objects now: 2995.
Memory consumption went from 105.7 MB to 105.7 MB.
Total: 3.113100 ms (FindLiveObjects: 0.170000 ms CreateObjectMapping: 0.072300 ms MarkObjects: 2.830400 ms  DeleteObjects: 0.039400 ms)

Build Finished, Result: Failure.
##utp:{"type":"PlayerBuildInfo","version":2,"phase":"Immediate","time":1788837694633,"processId":32236,"steps":[{"description":"Preprocess Player","duration":25},{"description":"Prepare For Build","duration":2}],"duration":27}
[PhysX] Initialized MultithreadedTaskDispatcher with 14 workers.
Unloading 0 Unused Serialized files (Serialized files now loaded: 0)
Loaded scene 'Temp/__Backupscenes/0.backup'
	Deserialize:            0.446 ms
	Integration:            120.449 ms
	Integration of assets:  0.001 ms
	Thread Wait Time:       0.010 ms
	Total Operation Time:   120.907 ms
Unloading 0 unused Assets / (0 B). Loaded Objects now: 2994.
Memory consumption went from 105.0 MB to 105.0 MB.
Total: 3.431500 ms (FindLiveObjects: 0.145600 ms CreateObjectMapping: 0.110500 ms MarkObjects: 3.164800 ms  DeleteObjects: 0.009200 ms)

Goose Merge Demo build failed: Failed
0x00007ff7482effdd (Unity) StackWalker::GetCurrentCallstack
0x00007ff7482f50b9 (Unity) StackWalker::ShowCallstack
0x00007ff7492b3f71 (Unity) GetStacktrace
0x00007ff749966cfe (Unity) DebugStringToFile
0x00007ff74731772a (Unity) DebugLogHandler_CUSTOM_Internal_Log
0x00000249f1310fc3 (Mono JIT Code) (wrapper managed-to-native) UnityEngine.DebugLogHandler:Internal_Log (UnityEngine.LogType,UnityEngine.LogOption,string,UnityEngine.Object)
0x00000249f1310edb (Mono JIT Code) UnityEngine.DebugLogHandler:LogFormat (UnityEngine.LogType,UnityEngine.Object,string,object[])
0x00000249f1310c20 (Mono JIT Code) UnityEngine.Logger:Log (UnityEngine.LogType,object)
0x00000249f5e23325 (Mono JIT Code) UnityEngine.Debug:LogError (object)
0x00000249af28fe33 (Mono JIT Code) GooseMergeDemoBuild:BuildWindows () (at C:/Users/TU/Desktop/GooseMergeDemoProject/Assets/Editor/GooseMergeDemoBuild.cs:34)
0x00000249f1310085 (Mono JIT Code) (wrapper runtime-invoke) object:runtime_invoke_void (object,intptr,intptr,intptr)
0x00007ffc84454b7e (mono-2.0-bdwgc) mono_jit_runtime_invoke (at C:/build/output/Unity-Technologies/mono/mono/mini/mini-runtime.c:3445)
0x00007ffc8438d204 (mono-2.0-bdwgc) do_runtime_invoke (at C:/build/output/Unity-Technologies/mono/mono/metadata/object.c:3068)
0x00007ffc8438d37c (mono-2.0-bdwgc) mono_runtime_invoke (at C:/build/output/Unity-Technologies/mono/mono/metadata/object.c:3115)
0x00007ff748208584 (Unity) scripting_method_invoke
0x00007ff7481e4eb4 (Unity) ScriptingInvocation::Invoke
0x00007ff748e485d3 (Unity) Application::ParseARGVCommands
0x00007ff748e3de23 (Unity) Application::FinishLoadingProject
0x00007ff7492bec59 (Unity) WinMain
0x00007ff74a6821fe (Unity) __scrt_common_main_seh
0x00007ffd8587ccb7 (KERNEL32) BaseThreadInitThunk
0x00007ffd8626ad6c (ntdll) RtlUserThreadStart

Batchmode quit successfully invoked - shutting down!
Curl error 42: Callback aborted
<b><color=#2EA3FF>MCP-FOR-UNITY</color></b>: No process found listening on port 8080
0x00007ff7482effdd (Unity) StackWalker::GetCurrentCallstack
0x00007ff7482f50b9 (Unity) StackWalker::ShowCallstack
0x00007ff7492b3f71 (Unity) GetStacktrace
0x00007ff749966cfe (Unity) DebugStringToFile
0x00007ff74731772a (Unity) DebugLogHandler_CUSTOM_Internal_Log
0x00000249f1310fc3 (Mono JIT Code) (wrapper managed-to-native) UnityEngine.DebugLogHandler:Internal_Log (UnityEngine.LogType,UnityEngine.LogOption,string,UnityEngine.Object)
0x00000249f1310edb (Mono JIT Code) UnityEngine.DebugLogHandler:LogFormat (UnityEngine.LogType,UnityEngine.Object,string,object[])
0x00000249f1310c20 (Mono JIT Code) UnityEngine.Logger:Log (UnityEngine.LogType,object)
0x00000249f1310ae8 (Mono JIT Code) UnityEngine.Debug:Log (object)
0x000002499f3d5e1b (Mono JIT Code) MCPForUnity.Editor.Helpers.McpLog:Info (string,bool) (at ./Library/PackageCache/com.coplaydev.unity-mcp@78ee541841/Editor/Helpers/McpLog.cs:41)
0x00000249f6442cd3 (Mono JIT Code) MCPForUnity.Editor.Services.ServerManagementService:StopLocalHttpServerInternal (bool,System.Nullable`1<int>,bool) (at ./Library/PackageCache/com.coplaydev.unity-mcp@78ee541841/Editor/Services/ServerManagementService.cs:714)
0x00000249f6441f8b (Mono JIT Code) MCPForUnity.Editor.Services.ServerManagementService:StopLocalHttpServer () (at ./Library/PackageCache/com.coplaydev.unity-mcp@78ee541841/Editor/Services/ServerManagementService.cs:349)
0x00000249f5e383e6 (Mono JIT Code) MCPForUnity.Editor.Services.McpEditorShutdownCleanup:OnEditorQuitting () (at ./Library/PackageCache/com.coplaydev.unity-mcp@78ee541841/Editor/Services/McpEditorShutdownCleanup.cs:60)
0x00000249f5e378a0 (Mono JIT Code) UnityEditor.EditorApplication:Internal_EditorApplicationQuit ()
0x00000249463a9ce5 (Mono JIT Code) (wrapper runtime-invoke) object:runtime_invoke_void (object,intptr,intptr,intptr)
0x00007ffc84454b7e (mono-2.0-bdwgc) mono_jit_runtime_invoke (at C:/build/output/Unity-Technologies/mono/mono/mini/mini-runtime.c:3445)
0x00007ffc8438d204 (mono-2.0-bdwgc) do_runtime_invoke (at C:/build/output/Unity-Technologies/mono/mono/metadata/object.c:3068)
0x00007ffc8438d37c (mono-2.0-bdwgc) mono_runtime_invoke (at C:/build/output/Unity-Technologies/mono/mono/metadata/object.c:3115)
0x00007ff7481e1d6d (Unity) CallStaticMonoMethod
0x00007ff7481e1b07 (Unity) CallStaticMonoMethod
0x00007ff748e3ac2e (Unity) Application::CoreShutdown
0x00007ff748e4a2b5 (Unity) Application::ParseARGVCommands
0x00007ff748e3de23 (Unity) Application::FinishLoadingProject
0x00007ff7492bec59 (Unity) WinMain
0x00007ff74a6821fe (Unity) __scrt_common_main_seh
0x00007ffd8587ccb7 (KERNEL32) BaseThreadInitThunk
0x00007ffd8626ad6c (ntdll) RtlUserThreadStart

[PhysX] Initialized MultithreadedTaskDispatcher with 14 workers.
Input System module state changed to: ShutdownInProgress.
Input System polling thread exited.
Input System module state changed to: Shutdown.
[Licensing::IpcConnector] LicenseClient-TU-2022.3.62-notifications channel disconnected successfully.
[Licensing::IpcConnector] LicenseClient-TU-2022.3.62 channel disconnected successfully.
Cleanup mono
[Performance] WinEditorMain                                                                                                        :        1 samples, Peak.  2.23 s (1.0x), Avg.  2.23 s, Total. 2.235 s (22.5%)
[Performance] WinEditorMain.ConfigureCrashHandler                                                                                  :        1 samples, Peak.  29.5 us (1.0x), Avg.  29.5 us, Total. 29.50 us (0.0%)
[Performance] WinEditorMain.CurlRequestInitialize                                                                                  :        1 samples, Peak.   715 us (1.0x), Avg.   715 us, Total. 715.4 us (0.0%)
[Performance] WinEditorMain.SetupLogFile                                                                                           :        1 samples, Peak.   479 us (1.0x), Avg.   479 us, Total. 478.9 us (0.0%)
[Performance] WinEditorMain.RunNativeTestsIfRequiredAndExit                                                                        :        1 samples, Peak. 100.0 ns (1.0x), Avg. 100.0 ns, Total. 100.00 ns (0.0%)
[Performance] WinEditorMain.Licensing                                                                                              :        1 samples, Peak.  2.21 s (1.0x), Avg.  2.21 s, Total. 2.207 s (22.2%)
[Performance] WinEditorMain.InitializeCrashHandler                                                                                 :        1 samples, Peak.  22.5 ms (1.0x), Avg.  22.5 ms, Total. 22.49 ms (0.2%)
[Performance] WinEditorMain.CreateApplication                                                                                      :        1 samples, Peak.   185 us (1.0x), Avg.   185 us, Total. 185.3 us (0.0%)
[Performance] Application.InitializeProject                                                                                        :        1 samples, Peak.  6.80 s (1.0x), Avg.  6.80 s, Total. 6.804 s (68.5%)
[Performance] Application.PackageManager.StartServer                                                                               :        1 samples, Peak.  13.7 ms (1.0x), Avg.  13.7 ms, Total. 13.73 ms (0.1%)
[Performance] Application.AcquireProjectLock                                                                                       :        1 samples, Peak.  5.43 ms (1.0x), Avg.  5.43 ms, Total. 5.429 ms (0.1%)
[Performance] Application.InitializeEngineNoGraphics                                                                               :        1 samples, Peak.  46.5 ms (1.0x), Avg.  46.5 ms, Total. 46.48 ms (0.5%)
[Performance] Application.PackageManager.Initialize                                                                                :        1 samples, Peak.   251 ms (1.0x), Avg.   251 ms, Total. 251.2 ms (2.5%)
[Performance] Connecting to Package Manager                                                                                        :       26 samples, Peak.   103 us (16.4x), Avg.  6.28 us, Total. 163.3 us (0.0%)
[Performance] Application.EngineGraphics.Initialize                                                                                :        1 samples, Peak.   333 ms (1.0x), Avg.   333 ms, Total. 332.8 ms (3.4%)
[Performance] Application.GI.Initialize                                                                                            :        1 samples, Peak.  4.31 ms (1.0x), Avg.  4.31 ms, Total. 4.309 ms (0.0%)
[Performance] Application.LoadAllDefaultResourcesFromEditor                                                                        :        1 samples, Peak.  1.29 ms (1.0x), Avg.  1.29 ms, Total. 1.286 ms (0.0%)
[Performance] Application.LoadMonoAssemblies                                                                                       :        1 samples, Peak.   442 ms (1.0x), Avg.   442 ms, Total. 442.0 ms (4.5%)
[Performance] RestoreManagedReferences                                                                                             :        2 samples, Peak.  32.1 ms (2.0x), Avg.  16.1 ms, Total. 32.11 ms (0.3%)
[Performance] InitializeOnLoad DrivenRectTransformUndo                                                                             :        2 samples, Peak.   276 us (1.0x), Avg.   271 us, Total. 542.3 us (0.0%)
[Performance] InitializeOnLoad SceneSearch                                                                                         :        2 samples, Peak.   105 us (1.2x), Avg.  85.7 us, Total. 171.5 us (0.0%)
[Performance] InitializeOnLoad CloudBuild                                                                                          :        2 samples, Peak.  3.00 us (1.2x), Avg.  2.55 us, Total. 5.100 us (0.0%)
[Performance] InitializeOnLoad NativeFormatImporterUtility                                                                         :        2 samples, Peak.  2.12 ms (1.3x), Avg.  1.68 ms, Total. 3.367 ms (0.0%)
[Performance] InitializeOnLoad SearchService                                                                                       :        2 samples, Peak.  96.2 us (1.1x), Avg.  87.0 us, Total. 174.1 us (0.0%)
[Performance] InitializeOnLoad SettingsService                                                                                     :        2 samples, Peak.  7.40 us (1.3x), Avg.  5.90 us, Total. 11.80 us (0.0%)
[Performance] InitializeOnLoad WindowLayout                                                                                        :        2 samples, Peak.   620 us (1.2x), Avg.   534 us, Total. 1.067 ms (0.0%)
[Performance] InitializeOnLoad AssetStoreContext                                                                                   :        2 samples, Peak.  16.3 ms (1.0x), Avg.  16.1 ms, Total. 32.21 ms (0.3%)
[Performance] InitializeOnLoad PoolManager                                                                                         :        2 samples, Peak.   409 us (1.0x), Avg.   402 us, Total. 803.1 us (0.0%)
[Performance] InitializeOnLoad MixerEffectDefinitionReloader                                                                       :        2 samples, Peak.  1.93 ms (1.3x), Avg.  1.51 ms, Total. 3.022 ms (0.0%)
[Performance] InitializeOnLoad ProjectSearch                                                                                       :        2 samples, Peak.  48.7 us (1.0x), Avg.  46.9 us, Total. 93.70 us (0.0%)
[Performance] InitializeOnLoad UISystemProfilerRenderService                                                                       :        2 samples, Peak.  7.70 us (1.1x), Avg.  6.95 us, Total. 13.90 us (0.0%)
[Performance] InitializeOnLoad EditMode                                                                                            :        2 samples, Peak.   312 us (1.1x), Avg.   286 us, Total. 571.6 us (0.0%)
[Performance] InitializeOnLoad UnityConnect                                                                                        :        2 samples, Peak.  33.1 us (1.0x), Avg.  32.4 us, Total. 64.70 us (0.0%)
[Performance] InitializeOnLoad ManagedDebugger                                                                                     :        2 samples, Peak.   643 us (1.2x), Avg.   519 us, Total. 1.038 ms (0.0%)
[Performance] InitializeOnLoad ShortcutIntegration                                                                                 :        2 samples, Peak.  35.9 us (1.0x), Avg.  35.3 us, Total. 70.50 us (0.0%)
[Performance] InitializeOnLoad AddComponentWindow                                                                                  :        2 samples, Peak.  69.2 us (1.0x), Avg.  67.0 us, Total. 134.0 us (0.0%)
[Performance] InitializeOnLoad ManagedDebuggerWindow                                                                               :        2 samples, Peak.  76.7 us (1.0x), Avg.  74.4 us, Total. 148.8 us (0.0%)
[Performance] InitializeOnLoad CacheServerWindow                                                                                   :        2 samples, Peak.  6.30 us (1.2x), Avg.  5.05 us, Total. 10.10 us (0.0%)
[Performance] InitializeOnLoad PlayModeDownload                                                                                    :        2 samples, Peak.  3.87 ms (1.9x), Avg.  1.99 ms, Total. 3.989 ms (0.0%)
[Performance] InitializeOnLoad MenuItems                                                                                           :        2 samples, Peak.  80.8 us (1.3x), Avg.  63.6 us, Total. 127.1 us (0.0%)
[Performance] InitializeOnLoad PrefabInstanceChangedListener                                                                       :        2 samples, Peak.   198 us (1.4x), Avg.   144 us, Total. 288.3 us (0.0%)
[Performance] InitializeOnLoad ObjectSelectorSearch                                                                                :        2 samples, Peak.   323 us (1.9x), Avg.   173 us, Total. 345.9 us (0.0%)
[Performance] InitializeOnLoad EditorMonitor                                                                                       :        2 samples, Peak.   566 us (1.3x), Avg.   435 us, Total. 871.0 us (0.0%)
[Performance] InitializeOnLoad RetainedMode                                                                                        :        2 samples, Peak.  1.53 ms (1.0x), Avg.  1.51 ms, Total. 3.025 ms (0.0%)
[Performance] InitializeOnLoad EditorShaderLoader                                                                                  :        2 samples, Peak.   458 us (1.0x), Avg.   441 us, Total. 881.7 us (0.0%)
[Performance] InitializeOnLoad EditorDelegateRegistration                                                                          :        2 samples, Peak.   338 us (1.1x), Avg.   314 us, Total. 627.2 us (0.0%)
[Performance] InitializeOnLoad UIDocumentHierarchyWatcher                                                                          :        2 samples, Peak.  57.1 us (1.1x), Avg.  53.7 us, Total. 107.3 us (0.0%)
[Performance] InitializeOnLoad LiveReloadTrackerCreator                                                                            :        2 samples, Peak.   145 us (1.3x), Avg.   113 us, Total. 226.8 us (0.0%)
[Performance] InitializeOnLoad UxmlObjectEditorFactories                                                                           :        2 samples, Peak.   394 us (1.2x), Avg.   329 us, Total. 657.4 us (0.0%)
[Performance] InitializeOnLoad UXMLEditorFactories                                                                                 :        2 samples, Peak.  40.2 ms (1.1x), Avg.  37.2 ms, Total. 74.44 ms (0.7%)
[Performance] InitializeOnLoad PurchasingService                                                                                   :        2 samples, Peak.  5.43 ms (1.1x), Avg.  5.11 ms, Total. 10.22 ms (0.1%)
[Performance] InitializeOnLoad CloudBuildPoller                                                                                    :        2 samples, Peak.  75.7 us (1.0x), Avg.  72.3 us, Total. 144.6 us (0.0%)
[Performance] InitializeOnLoad EditorGameServicesAnalytics                                                                         :        2 samples, Peak.  1.88 ms (1.5x), Avg.  1.29 ms, Total. 2.580 ms (0.0%)
[Performance] InitializeOnLoad AnalyticsService                                                                                    :        2 samples, Peak.   114 us (1.0x), Avg.   114 us, Total. 227.5 us (0.0%)
[Performance] InitializeOnLoad BuildService                                                                                        :        2 samples, Peak.  90.1 us (1.0x), Avg.  88.4 us, Total. 176.8 us (0.0%)
[Performance] InitializeOnLoad AdsService                                                                                          :        2 samples, Peak.   329 us (1.2x), Avg.   285 us, Total. 569.2 us (0.0%)
[Performance] InitializeOnLoad UDPService                                                                                          :        2 samples, Peak.  86.6 us (1.0x), Avg.  85.4 us, Total. 170.9 us (0.0%)
[Performance] InitializeOnLoad CrashService                                                                                        :        2 samples, Peak.  77.8 us (1.0x), Avg.  77.6 us, Total. 155.2 us (0.0%)
[Performance] InitializeOnLoad ServicesRepository                                                                                  :        2 samples, Peak.  1.30 us (1.7x), Avg.   750 ns, Total. 1.500 us (0.0%)
[Performance] InitializeOnLoad SearchWindow                                                                                        :        2 samples, Peak.  89.7 us (1.1x), Avg.  78.9 us, Total. 157.7 us (0.0%)
[Performance] InitializeOnLoad CustomIndexers                                                                                      :        2 samples, Peak.  12.4 ms (1.2x), Avg.  10.7 ms, Total. 21.49 ms (0.2%)
[Performance] InitializeOnLoad SearchMonitor                                                                                       :        2 samples, Peak.   773 us (1.2x), Avg.   660 us, Total. 1.319 ms (0.0%)
[Performance] InitializeOnLoad ParameterControllerEditor                                                                           :        2 samples, Peak.  18.9 us (1.1x), Avg.  16.6 us, Total. 33.10 us (0.0%)
[Performance] InitializeOnLoad LayerSettingsWindow                                                                                 :        2 samples, Peak.  18.5 us (1.7x), Avg.  10.7 us, Total. 21.40 us (0.0%)
[Performance] InitializeOnLoad PackageManagerHookGUIDConverter.RegisterPackagesEventHandler                                        :        2 samples, Peak.   593 us (1.8x), Avg.   338 us, Total. 676.2 us (0.0%)
[Performance] InitializeOnLoad EditorDragAndDrop.RegisterEditorClient                                                              :        2 samples, Peak.   208 us (1.2x), Avg.   181 us, Total. 362.0 us (0.0%)
[Performance] InitializeOnLoad EditorEventCallbacks.InitializeFontAssetResourceChangeCallBacks                                     :        2 samples, Peak.   786 us (1.0x), Avg.   784 us, Total. 1.569 ms (0.0%)
[Performance] InitializeOnLoad SceneTemplateService.Init                                                                           :        2 samples, Peak.   711 us (1.1x), Avg.   654 us, Total. 1.307 ms (0.0%)
[Performance] InitializeOnLoad DiagnosticSwitchesConsoleMessage.Init                                                               :        2 samples, Peak.  4.92 ms (1.8x), Avg.  2.73 ms, Total. 5.470 ms (0.1%)
[Performance] InitializeOnLoad MemoryProfilerCompilationGuard.InjectCompileGuard                                                   :        2 samples, Peak.   124 us (1.2x), Avg.   102 us, Total. 204.3 us (0.0%)
[Performance] InitializeOnLoad EditorWindow.Initialize                                                                             :        2 samples, Peak.   156 us (1.0x), Avg.   155 us, Total. 310.9 us (0.0%)
[Performance] InitializeOnLoad AssetPostprocessingInternal.RefreshCustomDependencies                                               :        2 samples, Peak.  2.32 ms (1.4x), Avg.  1.63 ms, Total. 3.254 ms (0.0%)
[Performance] InitializeOnLoad SysrootManager.Initialize                                                                           :        2 samples, Peak.   372 us (1.1x), Avg.   343 us, Total. 685.4 us (0.0%)
[Performance] InitializeOnLoad PackageManagerWindow.EditorInitializedInSafeMode                                                    :        2 samples, Peak.  15.9 ms (2.0x), Avg.  8.03 ms, Total. 16.05 ms (0.2%)
[Performance] InitializeOnLoad ToolShortcutContext.Init                                                                            :        2 samples, Peak.  95.0 us (1.1x), Avg.  89.1 us, Total. 178.3 us (0.0%)
[Performance] InitializeOnLoad SceneVisibilityManager.Initialize                                                                   :        2 samples, Peak.  3.43 ms (1.7x), Avg.  2.03 ms, Total. 4.053 ms (0.0%)
[Performance] InitializeOnLoad ScopedRegistryAddedPopup.SubscribeToRegistriesAdded                                                 :        2 samples, Peak.  4.34 ms (2.0x), Avg.  2.21 ms, Total. 4.417 ms (0.0%)
[Performance] AssemblyReloadEvents.afterAssemblyReload: UnityEditor.SceneTemplate.SceneTemplateService.AfterAssemblyReload         :        2 samples, Peak.  2.29 ms (1.8x), Avg.  1.27 ms, Total. 2.537 ms (0.0%)
[Performance] ProcessService.EditorAfterLoadAllAssemblies                                                                          :        2 samples, Peak.   242 us (1.1x), Avg.   226 us, Total. 451.2 us (0.0%)
[Performance] Application.ReadLicenseInfo                                                                                          :        1 samples, Peak.  14.1 ms (1.0x), Avg.  14.1 ms, Total. 14.11 ms (0.1%)
[Performance] Application.InitialRefresh                                                                                           :        1 samples, Peak.  4.99 s (1.0x), Avg.  4.99 s, Total. 4.991 s (50.3%)
[Performance] ShaderImporter.SourceAssetModified                                                                                   :        2 samples, Peak.  1.10 us (1.5x), Avg.   750 ns, Total. 1.500 us (0.0%)
[Performance] ShaderIncludeImporter.SourceAssetModified                                                                            :        2 samples, Peak.  1.00 us (1.1x), Avg.   900 ns, Total. 1.800 us (0.0%)
[Performance] Compiling Scripts                                                                                                    :        1 samples, Peak.  1.55 s (1.0x), Avg.  1.55 s, Total. 1.550 s (15.6%)
[Performance] AssemblyReloadEvents.beforeAssemblyReload: UnityEditor.SceneTemplate.SceneTemplateService.BeforeAssemblyReload       :        1 samples, Peak.   352 us (1.0x), Avg.   352 us, Total. 351.8 us (0.0%)
[Performance] PresetManagerPostProcessor.OnPreprocessAsset                                                                         :        2 samples, Peak.   702 us (1.5x), Avg.   456 us, Total. 911.2 us (0.0%)
[Performance] CancelSplashScreenOnAssetChange.OnPreprocessAsset                                                                    :        2 samples, Peak.  86.9 us (1.9x), Avg.  44.8 us, Total. 89.50 us (0.0%)
[Performance] InitializeOnLoad BurstLoader                                                                                         :        1 samples, Peak.  1.29 s (1.0x), Avg.  1.29 s, Total. 1.293 s (13.0%)
[Performance] InitializeOnLoad OnDomainReload                                                                                      :        1 samples, Peak.   364 us (1.0x), Avg.   364 us, Total. 363.7 us (0.0%)
[Performance] InitializeOnLoad EditorInitialize                                                                                    :        3 samples, Peak.  10.6 ms (2.4x), Avg.  4.42 ms, Total. 13.27 ms (0.1%)
[Performance] InitializeOnLoad CanvasesAndTheirOwners                                                                              :        1 samples, Peak.   166 us (1.0x), Avg.   166 us, Total. 165.5 us (0.0%)
[Performance] InitializeOnLoad CinemachineEditorAnalytics                                                                          :        1 samples, Peak.   121 us (1.0x), Avg.   121 us, Total. 121.1 us (0.0%)
[Performance] InitializeOnLoad SaveDuringPlay                                                                                      :        1 samples, Peak.  39.7 us (1.0x), Avg.  39.7 us, Total. 39.70 us (0.0%)
[Performance] InitializeOnLoad CollectGizmoDrawers                                                                                 :        1 samples, Peak.  7.50 ms (1.0x), Avg.  7.50 ms, Total. 7.499 ms (0.1%)
[Performance] InitializeOnLoad CinemachineScreenComposerGuidesGlobalDraggable                                                      :        1 samples, Peak.   114 us (1.0x), Avg.   114 us, Total. 113.7 us (0.0%)
[Performance] InitializeOnLoad CinemachineStoryboardMute                                                                           :        1 samples, Peak.   105 us (1.0x), Avg.   105 us, Total. 105.3 us (0.0%)
[Performance] InitializeOnLoad CreateRigWithUndo                                                                                   :        1 samples, Peak.   123 us (1.0x), Avg.   123 us, Total. 122.6 us (0.0%)
[Performance] InitializeOnLoad CreatePipelineWithUndo                                                                              :        1 samples, Peak.   134 us (1.0x), Avg.   134 us, Total. 134.1 us (0.0%)
[Performance] InitializeOnLoad CinemachineColliderPrefs                                                                            :        1 samples, Peak.   201 us (1.0x), Avg.   201 us, Total. 201.3 us (0.0%)
[Performance] InitializeOnLoad SyncCacheEnabledSetting                                                                             :        1 samples, Peak.   604 us (1.0x), Avg.   604 us, Total. 603.6 us (0.0%)
[Performance] InitializeOnLoad BackgroundWatcher                                                                                   :        1 samples, Peak.   133 us (1.0x), Avg.   133 us, Total. 132.6 us (0.0%)
[Performance] InitializeOnLoad UnityTestProtocolStarter                                                                            :        1 samples, Peak.   154 us (1.0x), Avg.   154 us, Total. 154.3 us (0.0%)
[Performance] InitializeOnLoad TestStarter                                                                                         :        1 samples, Peak.   482 us (1.0x), Avg.   482 us, Total. 481.7 us (0.0%)
[Performance] InitializeOnLoad RerunCallbackInitializer                                                                            :        1 samples, Peak.  2.17 ms (1.0x), Avg.  2.17 ms, Total. 2.171 ms (0.0%)
[Performance] InitializeOnLoad GetIl2CppFolderHook                                                                                 :        1 samples, Peak.  7.80 ms (1.0x), Avg.  7.80 ms, Total. 7.802 ms (0.1%)
[Performance] InitializeOnLoad CopyStrippedAOTAssembliesHook                                                                       :        1 samples, Peak.  1.36 ms (1.0x), Avg.  1.36 ms, Total. 1.360 ms (0.0%)
[Performance] InitializeOnLoad VisualStudioEditor                                                                                  :        1 samples, Peak.  15.5 ms (1.0x), Avg.  15.5 ms, Total. 15.48 ms (0.2%)
[Performance] InitializeOnLoad TestRunnerApiListener                                                                               :        1 samples, Peak.   450 us (1.0x), Avg.   450 us, Total. 449.7 us (0.0%)
[Performance] InitializeOnLoad VisualStudioIntegration                                                                             :        1 samples, Peak.  2.04 ms (1.0x), Avg.  2.04 ms, Total. 2.041 ms (0.0%)
[Performance] InitializeOnLoad PrefabLayoutRebuilder                                                                               :        1 samples, Peak.   343 us (1.0x), Avg.   343 us, Total. 342.8 us (0.0%)
[Performance] InitializeOnLoad HistoryData                                                                                         :        1 samples, Peak.  2.55 ms (1.0x), Avg.  2.55 ms, Total. 2.549 ms (0.0%)
[Performance] InitializeOnLoad RiderScriptEditor                                                                                   :        1 samples, Peak.  13.3 ms (1.0x), Avg.  13.3 ms, Total. 13.34 ms (0.1%)
[Performance] InitializeOnLoad CallbackInitializer                                                                                 :        1 samples, Peak.   965 us (1.0x), Avg.   965 us, Total. 965.0 us (0.0%)
[Performance] InitializeOnLoad SpriteEditorWindow                                                                                  :        1 samples, Peak.   305 us (1.0x), Avg.   305 us, Total. 304.5 us (0.0%)
[Performance] InitializeOnLoad HttpBridgeReloadHandler                                                                             :        1 samples, Peak.   288 us (1.0x), Avg.   288 us, Total. 287.9 us (0.0%)
[Performance] InitializeOnLoad SetupWindowService                                                                                  :        1 samples, Peak.  93.3 us (1.0x), Avg.  93.3 us, Total. 93.30 us (0.0%)
[Performance] InitializeOnLoad HttpAutoStartHandler                                                                                :        1 samples, Peak.  85.5 us (1.0x), Avg.  85.5 us, Total. 85.50 us (0.0%)
[Performance] InitializeOnLoad StdioBridgeReloadHandler                                                                            :        1 samples, Peak.  87.5 us (1.0x), Avg.  87.5 us, Total. 87.50 us (0.0%)
[Performance] InitializeOnLoad TestRunnerNoThrottle                                                                                :        1 samples, Peak.   224 us (1.0x), Avg.   224 us, Total. 224.2 us (0.0%)
[Performance] InitializeOnLoad StdioBridgeHost                                                                                     :        1 samples, Peak.   465 us (1.0x), Avg.   465 us, Total. 465.0 us (0.0%)
[Performance] InitializeOnLoad StdIoVersionMigration                                                                               :        1 samples, Peak.  49.7 us (1.0x), Avg.  49.7 us, Total. 49.70 us (0.0%)
[Performance] InitializeOnLoad LegacyServerSrcMigration                                                                            :        1 samples, Peak.  33.3 us (1.0x), Avg.  33.3 us, Total. 33.30 us (0.0%)
[Performance] InitializeOnLoad PlayModeOptionsGuard                                                                                :        1 samples, Peak.   315 us (1.0x), Avg.   315 us, Total. 315.1 us (0.0%)
[Performance] InitializeOnLoad ProjectIdentityUtility                                                                              :        1 samples, Peak.   108 us (1.0x), Avg.   108 us, Total. 108.4 us (0.0%)
[Performance] InitializeOnLoad EditorStateCache                                                                                    :        1 samples, Peak.   101 ms (1.0x), Avg.   101 ms, Total. 101.3 ms (1.0%)
[Performance] InitializeOnLoad McpEditorShutdownCleanup                                                                            :        1 samples, Peak.   537 us (1.0x), Avg.   537 us, Total. 537.3 us (0.0%)
[Performance] InitializeOnLoad TransportCommandDispatcher                                                                          :        1 samples, Peak.   429 ms (1.0x), Avg.   429 ms, Total. 428.6 ms (4.3%)
[Performance] InitializeOnLoad StartupConfigRewrite                                                                                :        1 samples, Peak.   146 us (1.0x), Avg.   146 us, Total. 145.5 us (0.0%)
[Performance] InitializeOnLoad VSCodeScriptEditor                                                                                  :        1 samples, Peak.  2.44 ms (1.0x), Avg.  2.44 ms, Total. 2.436 ms (0.0%)
[Performance] InitializeOnLoad ExecuteCode.OnDomainReload                                                                          :        1 samples, Peak.   309 us (1.0x), Avg.   309 us, Total. 308.6 us (0.0%)
[Performance] InitializeOnLoad UnityReflect.OnLoad                                                                                 :        1 samples, Peak.   315 us (1.0x), Avg.   315 us, Total. 315.3 us (0.0%)
[Performance] InitializeOnLoad McpLogRecord.RefreshFromPrefs                                                                       :        1 samples, Peak.   138 us (1.0x), Avg.   138 us, Total. 138.2 us (0.0%)
[Performance] InitializeOnLoad GetMenuItems.BuildCache                                                                             :        1 samples, Peak.  5.23 ms (1.0x), Avg.  5.23 ms, Total. 5.234 ms (0.1%)
[Performance] InitializeOnLoad $BurstDirectCallInitializer.Initialize                                                              :        2 samples, Peak.  6.15 ms (1.8x), Avg.  3.47 ms, Total. 6.948 ms (0.1%)
[Performance] InitializeOnLoad SysrootPackage.IssueWarningIfLinuxIL2CPPNotPresent                                                  :        1 samples, Peak.   151 us (1.0x), Avg.   151 us, Total. 151.5 us (0.0%)
[Performance] InitializeOnLoad MemoryProfilerSettings.RuntimeInitialize                                                            :        1 samples, Peak.   533 us (1.0x), Avg.   533 us, Total. 533.4 us (0.0%)
[Performance] InitializeOnLoad EditorGUICompatibilityHelper.RuntimeInitialize                                                      :        1 samples, Peak.  2.13 ms (1.0x), Avg.  2.13 ms, Total. 2.130 ms (0.0%)
[Performance] InitializeOnLoad TestJobDataHolder.ResumeRunningJobs                                                                 :        1 samples, Peak.   949 us (1.0x), Avg.   949 us, Total. 949.3 us (0.0%)
[Performance] InitializeOnLoad AnalyticsReporter.RegisterCallbacks                                                                 :        1 samples, Peak.   139 us (1.0x), Avg.   139 us, Total. 139.2 us (0.0%)
[Performance] InitializeOnLoad VisualStudioEditor.LegacyVisualStudioCodePackageDisabler                                            :        1 samples, Peak.  4.17 ms (1.0x), Avg.  4.17 ms, Total. 4.166 ms (0.0%)
[Performance] InitializeOnLoad MemoryProfilerModuleOverride.InitializeOverride                                                     :        1 samples, Peak.   375 us (1.0x), Avg.   375 us, Total. 374.5 us (0.0%)
[Performance] InitializeOnLoad MetadataInjector.EditorInitMetadata                                                                 :        1 samples, Peak.   246 us (1.0x), Avg.   246 us, Total. 245.9 us (0.0%)
[Performance] DidReloadScriptsCinemachineExtension.OnScriptReload                                                                  :        1 samples, Peak.   416 us (1.0x), Avg.   416 us, Total. 416.0 us (0.0%)
[Performance] DidReloadScriptsCinemachineVirtualCameraBase.OnScriptReload                                                          :        1 samples, Peak.  93.4 us (1.0x), Avg.  93.4 us, Total. 93.40 us (0.0%)
[Performance] DidReloadScriptsTestRunnerWindow.CompilationCallback                                                                 :        1 samples, Peak.   173 us (1.0x), Avg.   173 us, Total. 173.1 us (0.0%)
[Performance] DidReloadScriptsTestListCache.ScriptReloaded                                                                         :        1 samples, Peak.  1.30 ms (1.0x), Avg.  1.30 ms, Total. 1.295 ms (0.0%)
[Performance] DidReloadScriptsAdvancedDropdownWindow.OnScriptReload                                                                :        1 samples, Peak.   191 us (1.0x), Avg.   191 us, Total. 191.2 us (0.0%)
[Performance] AssemblyReloadEvents.afterAssemblyReload: MCPForUnity.Editor.Services.HttpBridgeReloadHandler.OnAfterAssemblyReload  :        1 samples, Peak.   731 us (1.0x), Avg.   731 us, Total. 731.0 us (0.0%)
[Performance] AssemblyReloadEvents.afterAssemblyReload: MCPForUnity.Editor.Services.StdioBridgeReloadHandler.OnAfterAssemblyReload :        1 samples, Peak.   367 us (1.0x), Avg.   367 us, Total. 366.8 us (0.0%)
[Performance] AssemblyReloadEvents.afterAssemblyReload: callback in MCPForUnity.Editor.Services.EditorStateCache                   :        1 samples, Peak.   375 us (1.0x), Avg.   375 us, Total. 375.3 us (0.0%)
[Performance] AssemblyReloadEvents.afterAssemblyReload: MCPForUnity.Editor.Tools.UnityReflect.InvalidateCache                      :        1 samples, Peak.   301 us (1.0x), Avg.   301 us, Total. 301.1 us (0.0%)
[Performance] AssetDatabase.ImportAssets                                                                                           :        6 samples, Peak.  18.9 ms (6.0x), Avg.  3.15 ms, Total. 18.89 ms (0.2%)
[Performance] VersionControl.Task.Wait                                                                                             :        1 samples, Peak.  5.50 us (1.0x), Avg.  5.50 us, Total. 5.500 us (0.0%)
[Performance] CinemachineSettings.OnPostprocessAllAssets                                                                           :        4 samples, Peak.   702 us (2.1x), Avg.   333 us, Total. 1.331 ms (0.0%)
[Performance] TMPro_TexturePostProcessor.OnPostprocessAllAssets                                                                    :        4 samples, Peak.   319 us (2.0x), Avg.   158 us, Total. 633.1 us (0.0%)
[Performance] BuilderAssetPostprocessor.OnPostprocessAllAssets                                                                     :        4 samples, Peak.  4.99 ms (2.0x), Avg.  2.50 ms, Total. 9.995 ms (0.1%)
[Performance] ArtifactBrowserPostProcessor.OnPostprocessAllAssets                                                                  :        4 samples, Peak.   633 us (2.3x), Avg.   279 us, Total. 1.116 ms (0.0%)
[Performance] AssetEvents.OnPostprocessAllAssets                                                                                   :        8 samples, Peak.   322 us (3.2x), Avg.   102 us, Total. 816.6 us (0.0%)
[Performance] AudioMixerPostprocessor.OnPostprocessAllAssets                                                                       :        4 samples, Peak.   414 us (2.1x), Avg.   196 us, Total. 784.3 us (0.0%)
[Performance] StyleCatalogPostProcessor.OnPostprocessAllAssets                                                                     :        4 samples, Peak.  26.6 ms (2.0x), Avg.  13.3 ms, Total. 53.14 ms (0.5%)
[Performance] BuildCatalog                                                                                                         :        1 samples, Peak.  25.6 ms (1.0x), Avg.  25.6 ms, Total. 25.56 ms (0.3%)
[Performance] ModelImporterPostProcessor.OnPostprocessAllAssets                                                                    :        4 samples, Peak.   974 us (2.0x), Avg.   490 us, Total. 1.962 ms (0.0%)
[Performance] RetainedModeAssetPostprocessor.OnPostprocessAllAssets                                                                :        4 samples, Peak.  2.89 ms (2.0x), Avg.  1.44 ms, Total. 5.774 ms (0.1%)
[Performance] AssetChangedListener.OnPostprocessAllAssets                                                                          :        4 samples, Peak.  1.12 ms (2.0x), Avg.   567 us, Total. 2.269 ms (0.0%)
[Performance] SpeedTreePostProcessor.OnPostprocessAllAssets                                                                        :        4 samples, Peak.   428 us (2.1x), Avg.   202 us, Total. 809.6 us (0.0%)
[Performance] TextAssetPostProcessor.OnPostprocessAllAssets                                                                        :        4 samples, Peak.   354 us (2.0x), Avg.   179 us, Total. 716.4 us (0.0%)
[Performance] SpriteEditorTexturePostprocessor.OnPostprocessAllAssets                                                              :        4 samples, Peak.   248 us (1.9x), Avg.   133 us, Total. 533.0 us (0.0%)
[Performance] SyncVS.PostprocessSyncProject                                                                                        :        2 samples, Peak.  11.4 ms (2.0x), Avg.  5.74 ms, Total. 11.49 ms (0.1%)
[Performance] Application.ImportPackagesAndSetTemplateWhenCreatingProject                                                          :        1 samples, Peak.  10.0 ms (1.0x), Avg.  10.0 ms, Total. 10.02 ms (0.1%)
[Performance] Application.SyncCurrentColorSpace                                                                                    :        1 samples, Peak.  87.8 ms (1.0x), Avg.  87.8 ms, Total. 87.80 ms (0.9%)
[Performance] Application.OnUsbDevicesChanged                                                                                      :        1 samples, Peak.  4.24 ms (1.0x), Avg.  4.24 ms, Total. 4.239 ms (0.0%)
[Performance] Application.AssetInstanceCacheUpdate                                                                                 :        1 samples, Peak.   500 ns (1.0x), Avg.   500 ns, Total. 500.0 ns (0.0%)
[Performance] Application.UnityExtensions.Initialize                                                                               :        1 samples, Peak.  1.79 ms (1.0x), Avg.  1.79 ms, Total. 1.788 ms (0.0%)
[Performance] CodeEditorProjectSync.SyncEditorProject                                                                              :        1 samples, Peak.   139 ms (1.0x), Avg.   139 ms, Total. 139.3 ms (1.4%)
[Performance] Application.ExecuteStartups                                                                                          :        1 samples, Peak.  47.6 ms (1.0x), Avg.  47.6 ms, Total. 47.57 ms (0.5%)
[Performance] Menu.RegisterMenuInterface                                                                                           :       26 samples, Peak.  2.00 us (8.7x), Avg.   231 ns, Total. 6.000 us (0.0%)
[Performance] Gizmo.RebuildRenderers                                                                                               :        2 samples, Peak.  46.6 ms (1.5x), Avg.  30.8 ms, Total. 61.58 ms (0.6%)
[Performance] Gizmo.AddGizmoRenderers                                                                                              :      138 samples, Peak.  1.37 ms (37.4x), Avg.  36.7 us, Total. 5.059 ms (0.1%)
[Performance] Application.editorInitializingProject                                                                                :        1 samples, Peak.   160 ms (1.0x), Avg.   160 ms, Total. 160.1 ms (1.6%)
[Performance] Application.InitializeMenu                                                                                           :        1 samples, Peak.  54.4 ms (1.0x), Avg.  54.4 ms, Total. 54.36 ms (0.5%)
[Performance] Menu.RebuildAll                                                                                                      :        1 samples, Peak.  54.3 ms (1.0x), Avg.  54.3 ms, Total. 54.35 ms (0.5%)
[Performance] Menu.BuildRegisteredMenuInterfaces                                                                                   :        1 samples, Peak.  52.6 ms (1.0x), Avg.  52.6 ms, Total. 52.61 ms (0.5%)
[Performance] Menu.FilterMenuItem                                                                                                  :      625 samples, Peak.  25.1 ms (614.7x), Avg.  40.8 us, Total. 25.52 ms (0.3%)
[Performance] UpdateAllMenus                                                                                                       :        1 samples, Peak.   437 us (1.0x), Avg.   437 us, Total. 436.8 us (0.0%)
[Performance] Menu.RebuildOSMainMenu                                                                                               :        2 samples, Peak.  2.35 ms (1.3x), Avg.  1.75 ms, Total. 3.498 ms (0.0%)
[Performance] EditorSceneManager.sceneClosing: InspectorHistory.HistoryData.OnSceneClosing                                         :        2 samples, Peak.  1.84 ms (2.0x), Avg.   928 us, Total. 1.855 ms (0.0%)
[Performance] EditorSceneManager.sceneClosing: UnityEditor.SceneVisibilityManager.EditorSceneManagerOnSceneClosing                 :        2 samples, Peak.   147 us (2.0x), Avg.  75.1 us, Total. 150.1 us (0.0%)
[Performance] GUIView.RepaintAll.PlayerLoopController                                                                              :        2 samples, Peak.  1.20 us (1.0x), Avg.  1.15 us, Total. 2.300 us (0.0%)
[Performance] EditorSceneManager.newSceneCreated: UnityEditor.SceneTemplate.SceneTemplateService.OnNewSceneCreated                 :        1 samples, Peak.   221 us (1.0x), Avg.   221 us, Total. 220.7 us (0.0%)
[Performance] EditorSceneManager.newSceneCreated: UnityEditor.SceneVisibilityManager.EditorSceneManagerOnNewSceneCreated           :        1 samples, Peak.   138 us (1.0x), Avg.   138 us, Total. 138.1 us (0.0%)
[Performance] EditorSceneManager.newSceneCreated: UnityEditor.SceneManagement.StageNavigationManager.OnNewSceneCreated             :        1 samples, Peak.  40.4 us (1.0x), Avg.  40.4 us, Total. 40.40 us (0.0%)
[Performance] Application.InvokeFinishedLoadingProject                                                                             :        1 samples, Peak.  5.28 ms (1.0x), Avg.  5.28 ms, Total. 5.280 ms (0.1%)
[Performance] ProcessService.OnProjectLoaded                                                                                       :        1 samples, Peak.  37.0 us (1.0x), Avg.  37.0 us, Total. 37.00 us (0.0%)
[Performance] Inspector.InitOrRebuild                                                                                              :        2 samples, Peak.   244 us (1.3x), Avg.   195 us, Total. 389.6 us (0.0%)
[Performance] BuilderAssetModificationProcessor.OnWillSaveAssets                                                                   :        2 samples, Peak.   256 us (1.9x), Avg.   132 us, Total. 263.5 us (0.0%)
[Performance] TerrainModificationProcessor.OnWillSaveAssets                                                                        :        2 samples, Peak.   375 us (2.0x), Avg.   188 us, Total. 376.3 us (0.0%)
[Performance] EditorApplication.quitting: Unity.Burst.Editor.BurstLoader.OnEditorApplicationQuitting                               :        1 samples, Peak.  24.3 us (1.0x), Avg.  24.3 us, Total. 24.30 us (0.0%)
[Performance] EditorApplication.quitting: InspectorHistory.HistoryData.OnEditorQuitting                                            :        1 samples, Peak.  2.39 ms (1.0x), Avg.  2.39 ms, Total. 2.394 ms (0.0%)
[Performance] EditorApplication.quitting: MCPForUnity.Editor.Services.StdioBridgeReloadHandler.CancelRetries                       :        1 samples, Peak.   104 us (1.0x), Avg.   104 us, Total. 103.6 us (0.0%)
[Performance] EditorApplication.quitting: MCPForUnity.Editor.Services.McpEditorShutdownCleanup.OnEditorQuitting                    :        1 samples, Peak.  51.4 ms (1.0x), Avg.  51.4 ms, Total. 51.40 ms (0.5%)
[Performance] EditorApplication.quitting: callback in UnityEditor.TextCore.Text.EditorEventCallbacks                               :        1 samples, Peak.  2.92 ms (1.0x), Avg.  2.92 ms, Total. 2.918 ms (0.0%)
[Performance] Application.Shutdown.PauseProfilerSession                                                                            :        1 samples, Peak.  31.2 us (1.0x), Avg.  31.2 us, Total. 31.20 us (0.0%)
[Performance] Application.Shutdown.PauseAssetImportWorkers                                                                         :        1 samples, Peak.   127 us (1.0x), Avg.   127 us, Total. 126.9 us (0.0%)
[Performance] Application.Shutdown.SaveAssets                                                                                      :        1 samples, Peak.  2.64 ms (1.0x), Avg.  2.64 ms, Total. 2.639 ms (0.0%)
[Performance] Application.Shutdown.CleanupRenderPipeline                                                                           :        1 samples, Peak.  5.20 us (1.0x), Avg.  5.20 us, Total. 5.200 us (0.0%)
[Performance] Application.Shutdown.StopPreloadManager                                                                              :        1 samples, Peak.  9.92 ms (1.0x), Avg.  9.92 ms, Total. 9.922 ms (0.1%)
[Performance] Application.Shutdown.DestroyWorld                                                                                    :        1 samples, Peak.   463 us (1.0x), Avg.   463 us, Total. 462.8 us (0.0%)
[Performance] Application.Shutdown.CleanupAfterLoad                                                                                :        1 samples, Peak.   119 ms (1.0x), Avg.   119 ms, Total. 118.6 ms (1.2%)
[Performance] Application.Shutdown.Progress                                                                                        :        1 samples, Peak.  5.70 us (1.0x), Avg.  5.70 us, Total. 5.700 us (0.0%)
[Performance] Application.Shutdown.GICleanupManagers                                                                               :        1 samples, Peak.   495 us (1.0x), Avg.   495 us, Total. 495.4 us (0.0%)
[Performance] Application.Shutdown.MenuCleanupClass                                                                                :        1 samples, Peak.   169 us (1.0x), Avg.   169 us, Total. 169.1 us (0.0%)
[Performance] Application.Shutdown.ADBSaveStateBeforeShutdown                                                                      :        1 samples, Peak.  9.10 us (1.0x), Avg.  9.10 us, Total. 9.100 us (0.0%)
[Performance] Application.Shutdown.RemoteShutdown                                                                                  :        1 samples, Peak.   900 ns (1.0x), Avg.   900 ns, Total. 900.0 ns (0.0%)
[Performance] Application.Shutdown.CleanupVCProvider                                                                               :        1 samples, Peak.  7.20 us (1.0x), Avg.  7.20 us, Total. 7.200 us (0.0%)
[Performance] Application.Shutdown.InputShutdown                                                                                   :        1 samples, Peak.   600 ns (1.0x), Avg.   600 ns, Total. 600.0 ns (0.0%)
[Performance] Application.Shutdown.GizmoManagerDestroy                                                                             :        1 samples, Peak.   598 us (1.0x), Avg.   598 us, Total. 597.6 us (0.0%)
[Performance] Application.Shutdown.ProfilerSession                                                                                 :        1 samples, Peak.   193 us (1.0x), Avg.   193 us, Total. 193.2 us (0.0%)
[Performance] Application.Shutdown.ReleaseGfxWindowOnAllGUIViews                                                                   :        1 samples, Peak.   400 ns (1.0x), Avg.   400 ns, Total. 400.0 ns (0.0%)
[Performance] Application.Shutdown.CleanupEngine                                                                                   :        1 samples, Peak.  79.1 ms (1.0x), Avg.  79.1 ms, Total. 79.12 ms (0.8%)
[Performance] Application.Shutdown.CleanupAssetDatabase                                                                            :        1 samples, Peak.  4.94 ms (1.0x), Avg.  4.94 ms, Total. 4.937 ms (0.0%)
[Performance] Application.Shutdown.ScriptCompilationCleanUp                                                                        :        1 samples, Peak.  16.9 ms (1.0x), Avg.  16.9 ms, Total. 16.91 ms (0.2%)
[Performance] Application.Shutdown.DestroyJobSystem                                                                                :        1 samples, Peak.  79.4 us (1.0x), Avg.  79.4 us, Total. 79.40 us (0.0%)
[Performance] Application.Shutdown.CleanupPersistentManager                                                                        :        1 samples, Peak.   567 us (1.0x), Avg.   567 us, Total. 567.3 us (0.0%)
[Performance] Application.Shutdown.CleanupAsyncReadManager                                                                         :        1 samples, Peak.   293 us (1.0x), Avg.   293 us, Total. 292.7 us (0.0%)
[Performance] Application.Shutdown.CleanupProgressBar                                                                              :        1 samples, Peak.   200 ns (1.0x), Avg.   200 ns, Total. 200.0 ns (0.0%)
[Performance] Application.Shutdown.CleanupMono                                                                                     :        1 samples, Peak.  73.8 ms (1.0x), Avg.  73.8 ms, Total. 73.79 ms (0.7%)
[Performance] Application.Shutdown.CleanupStdConverters                                                                            :        1 samples, Peak.  7.70 us (1.0x), Avg.  7.70 us, Total. 7.700 us (0.0%)
[Performance] Application.Shutdown.UnloadAllPlatformSupportModuleNativeDlls                                                        :        1 samples, Peak.   500 ns (1.0x), Avg.   500 ns, Total. 500.0 ns (0.0%)
[Performance] Application.Shutdown.UnloadAllPlatformSupportNativeLibraries                                                         :        1 samples, Peak. 0.0 (-nan(ind)x), Avg. 0.0, Total. 0.0 (0.0%)
[Performance] Application.Shutdown.CleanupAutoDocumentation                                                                        :        1 samples, Peak.   330 us (1.0x), Avg.   330 us, Total. 330.2 us (0.0%)
[Performance] Application.Shutdown.ShaderNameManagerDestroy                                                                        :        1 samples, Peak.  53.1 us (1.0x), Avg.  53.1 us, Total. 53.10 us (0.0%)
[Performance] Application.Shutdown.CleanupCacheServer                                                                              :        1 samples, Peak. 0.0 (-nan(ind)x), Avg. 0.0, Total. 0.0 (0.0%)
[Performance] Application.Shutdown.Virtualization_Shutdown                                                                         :        1 samples, Peak.   400 ns (1.0x), Avg.   400 ns, Total. 400.0 ns (0.0%)
[Performance] Application.Shutdown.DevConnections                                                                                  :        1 samples, Peak.   129 us (1.0x), Avg.   129 us, Total. 129.4 us (0.0%)
Exiting batchmode successfully now!
Exiting without the bug reporter. Application will terminate with return code 0